report_id,report_text,sif_label,risk_level,life_saving_rule,activity,location,hazard,barrier_failure,potential_consequence,source,expert_verified
0001,Contractor entered underground pit without confined space permit,1,Critical,Confined Space,Tank Entry,Tank Farm,Toxic Atmosphere,Gas Testing Skipped,Asphyxiation,Synthetic,No
0002,Minor eye strain reported after prolonged screen use,0,Low,None,Office Work,Office,Ergonomic,None,Minor Discomfort,Synthetic,No
0003,Overloaded sling used during material lifting operation,1,Critical,Line of Fire,Lifting Operations,Yard,Overhead Crane,Load Chart Exceeded,Structural Failure,Synthetic,No
0004,Incompatible chemicals stored together causing reactive spill risk,1,Critical,Chemical Handling,Chemical Handling,Chemical Storage,Corrosive Substance,PPE Not Worn,Chemical Burn,Synthetic,No
0005,Padlock and tag missing on isolated breaker during panel repair,1,Critical,Energy Isolation,Electrical Maintenance,Production Area,Electrical Energy,LOTO Not Applied,Electrocution,Synthetic,No
0006,Substation cable tested without confirming de-energization,1,Critical,Energy Isolation,Electrical Maintenance,Substation,High Voltage Line,Isolation Point Skipped,Electrocution,Synthetic,No
0007,"Minor spill near break room refrigerator, cleaned promptly",0,Low,None,Break Room Activity,Break Room,Minor Hygiene Issue,None,No Injury,Synthetic,No
0008,Minor scheduling delay reported during safety training session,0,Low,None,Training Session,Training Room,None,None,No Injury,Synthetic,No
0009,"Chair wheel slightly loose, reported for maintenance",0,Low,None,Housekeeping,Office,Slip Hazard,None,Minor Injury,Synthetic,No
0010,"Minor food spillage near canteen counter, cleaned promptly",0,Low,None,Housekeeping,Canteen,Wet Floor,Warning Sign Missing,Minor Slip,Synthetic,No
0011,Worker contacted overhead power line while operating boom lift nearby,1,Critical,Energy Isolation,Electrical Maintenance,Substation,High Voltage Line,Isolation Point Skipped,Electrocution,Synthetic,No
0012,Vessel cleaning started without a standby attendant at entry point,1,Critical,Confined Space,Vessel Cleaning,Process Unit,Inert Atmosphere,Attendant Not Present,Asphyxiation,Synthetic,No
0013,"Pallet placed close to walkway, minor obstruction noted",0,Low,None,Warehouse Operations,Warehouse,Stacked Material,Proper Stacking Missed,Minor Injury,Synthetic,No
0014,Padlock and tag missing on isolated breaker during panel repair,1,Critical,Energy Isolation,Electrical Maintenance,Production Area,Electrical Energy,LOTO Not Applied,Electrocution,Synthetic,No
0015,Worker walked on unprotected edge at elevated platform,1,Critical,Work at Height,Working at Height,Scaffold Area,Fall Hazard,Harness Not Anchored,Fall From Height,Synthetic,No
0016,"Projector malfunction reported during toolbox talk, resolved quickly",0,Low,None,Training Session,Training Room,None,None,No Injury,Synthetic,No
0017,"Expired item found in store inventory, removed during check",0,Low,None,Store Room Activity,Store Room,Minor Clutter,None,No Injury,Synthetic,No
0018,Confined space permit expired but work continued inside tank,1,Critical,Confined Space,Vessel Cleaning,Process Unit,Inert Atmosphere,Attendant Not Present,Asphyxiation,Synthetic,No
0019,Minor eye strain reported after prolonged screen use,0,Low,None,Office Work,Office,Ergonomic,None,Minor Discomfort,Synthetic,No
0020,Worker positioned under partially demolished structure during work,1,Critical,Line of Fire,Demolition Work,Construction Site,Structural Instability,Engineering Review Skipped,Structural Collapse,Synthetic,No
0021,"Wet floor in canteen without warning sign, corrected quickly",0,Low,None,Housekeeping,Canteen,Wet Floor,Warning Sign Missing,Minor Slip,Synthetic,No
0022,Chemical spill occurred during transfer without containment,1,Critical,Chemical Handling,Chemical Handling,Chemical Storage,Corrosive Substance,PPE Not Worn,Chemical Burn,Synthetic,No
0023,"Minor scrape while unpacking material crate, first aid applied",0,Low,None,General Maintenance,Workshop,Minor Cut Hazard,None,First Aid Case,Synthetic,No
0024,Padlock and tag missing on isolated breaker during panel repair,1,Critical,Energy Isolation,Electrical Maintenance,Production Area,Electrical Energy,LOTO Not Applied,Electrocution,Synthetic,No
0025,Minor documentation gap noted during routine audit,0,Low,None,Inspection Round,Plant Area,Housekeeping,None,No Injury,Synthetic,No
0026,"Coffee machine leak observed in break room, reported for repair",0,Low,None,Break Room Activity,Break Room,Minor Hygiene Issue,None,No Injury,Synthetic,No
0027,"Minor clutter observed near store room shelving, cleared promptly",0,Low,None,Store Room Activity,Store Room,Minor Clutter,None,No Injury,Synthetic,No
0028,"Minor food spillage near canteen counter, cleaned promptly",0,Low,None,Housekeeping,Canteen,Wet Floor,Warning Sign Missing,Minor Slip,Synthetic,No
0029,Employee reported minor back discomfort from office chair,0,Low,None,Office Work,Office,Ergonomic,None,Minor Discomfort,Synthetic,No
0030,"Minor food spillage near canteen counter, cleaned promptly",0,Low,None,Housekeeping,Canteen,Wet Floor,Warning Sign Missing,Minor Slip,Synthetic,No
0031,Employee cleaned rotating equipment without stopping machine,1,Critical,Machine Guarding,Machine Operation,Workshop,Rotating Equipment,Guard Removed,Amputation,Synthetic,No
0032,Valve opened on pressurized line without depressurizing first,1,Critical,Energy Isolation,Pressure Testing,Process Unit,Pressurized System,Isolation Not Verified,Explosion/Rupture,Synthetic,No
0033,Jumper cable connected to line assumed dead without verification,1,Critical,Energy Isolation,Electrical Maintenance,Substation,High Voltage Line,Isolation Point Skipped,Electrocution,Synthetic,No
0034,Forklift reversed without a spotter in congested yard area,1,Critical,Line of Fire,Mobile Equipment,Yard,Reversing Vehicle,Spotter Absent,Struck-By Injury,Synthetic,No
0035,"Projector malfunction reported during toolbox talk, resolved quickly",0,Low,None,Training Session,Training Room,None,None,No Injury,Synthetic,No
0036,"Minor clutter observed near store room shelving, cleared promptly",0,Low,None,Store Room Activity,Store Room,Minor Clutter,None,No Injury,Synthetic,No
0037,Loose clothing caught near unguarded rotating shaft,1,Critical,Machine Guarding,Machine Operation,Workshop,Rotating Equipment,Guard Removed,Amputation,Synthetic,No
0038,Contractor entered underground pit without confined space permit,1,Critical,Confined Space,Tank Entry,Tank Farm,Toxic Atmosphere,Gas Testing Skipped,Asphyxiation,Synthetic,No
0039,"Minor food spillage near canteen counter, cleaned promptly",0,Low,None,Housekeeping,Canteen,Wet Floor,Warning Sign Missing,Minor Slip,Synthetic,No
0040,Minor scheduling delay reported during safety training session,0,Low,None,Training Session,Training Room,None,None,No Injury,Synthetic,No
0041,Vessel cleaning started without a standby attendant at entry point,1,Critical,Confined Space,Vessel Cleaning,Process Unit,Inert Atmosphere,Attendant Not Present,Asphyxiation,Synthetic,No
0042,Worker walked on fragile roof sheet without crawling boards,1,Critical,Work at Height,Roof Work,Rooftop,Fragile Surface,No Fall Arrest System,Fall From Height,Synthetic,No
0043,"Minor spill near break room refrigerator, cleaned promptly",0,Low,None,Break Room Activity,Break Room,Minor Hygiene Issue,None,No Injury,Synthetic,No
0044,Personnel walked under load being lifted by mobile crane,1,Critical,Line of Fire,Lifting Operations,Loading Area,Suspended Load,Exclusion Zone Breach,Fatal Crushing,Synthetic,No
0045,Hot work permit expired but welding continued in process area,1,Critical,Hot Work,Hot Work,Process Unit,Flammable Atmosphere,Gas Test Not Done,Fire/Explosion,Synthetic,No
0046,Worker pinched finger lightly while closing toolbox,0,Low,None,General Maintenance,Workshop,Minor Cut Hazard,None,First Aid Case,Synthetic,No
0047,"Cable lying on office floor, minor trip hazard noted",0,Low,None,Housekeeping,Office,Slip Hazard,None,Minor Injury,Synthetic,No
0048,"Minor pothole noted in parking area, reported for repair",0,Low,None,Parking Area,Parking Lot,Minor Obstruction,None,No Injury,Synthetic,No
0049,Machine guard removed while equipment was still running,1,Critical,Machine Guarding,Machine Operation,Workshop,Rotating Equipment,Guard Removed,Amputation,Synthetic,No
0050,Minor scheduling delay reported during safety training session,0,Low,None,Training Session,Training Room,None,None,No Injury,Synthetic,No
0051,Worker walked on unprotected edge at elevated platform,1,Critical,Work at Height,Working at Height,Scaffold Area,Fall Hazard,Harness Not Anchored,Fall From Height,Synthetic,No
0052,Excavation carried out without checking for buried utility lines,1,Critical,Excavation,Excavation Work,Pipeline Trench,Trench Collapse,No Shoring Installed,Burial/Suffocation,Synthetic,No
0053,Barricade removed prematurely while overhead lift was still in progress,1,Critical,Line of Fire,Lifting Operations,Loading Area,Suspended Load,Exclusion Zone Breach,Fatal Crushing,Synthetic,No
0054,Jumper cable connected to line assumed dead without verification,1,Critical,Energy Isolation,Electrical Maintenance,Substation,High Voltage Line,Isolation Point Skipped,Electrocution,Synthetic,No
0055,Loose stationery observed on office desk,0,Low,None,Office Work,Office,Ergonomic,None,Minor Discomfort,Synthetic,No
0056,Employee reported minor splinter while handling wooden pallet,0,Low,None,General Maintenance,Workshop,Minor Cut Hazard,None,First Aid Case,Synthetic,No
0057,"Coffee machine leak observed in break room, reported for repair",0,Low,None,Break Room Activity,Break Room,Minor Hygiene Issue,None,No Injury,Synthetic,No
0058,Employee requested footrest for ergonomic improvement,0,Low,None,Office Work,Office,Ergonomic,None,Minor Discomfort,Synthetic,No
0059,"Expired item found in store inventory, removed during check",0,Low,None,Store Room Activity,Store Room,Minor Clutter,None,No Injury,Synthetic,No
0060,Loose stationery observed on office desk,0,Low,None,Office Work,Office,Ergonomic,None,Minor Discomfort,Synthetic,No
0061,Ladder access missing for worker inside deep trench,1,Critical,Excavation,Excavation Work,Pipeline Trench,Trench Collapse,No Shoring Installed,Burial/Suffocation,Synthetic,No
0062,Confined space permit expired but work continued inside tank,1,Critical,Confined Space,Vessel Cleaning,Process Unit,Inert Atmosphere,Attendant Not Present,Asphyxiation,Synthetic,No
0063,Marine work continued despite deteriorating weather conditions,1,Critical,Line of Fire,Diving/Marine Operations,Offshore Site,Underwater Hazard,Communication Loss,Drowning,Synthetic,No
0064,Barricade removed prematurely while overhead lift was still in progress,1,Critical,Line of Fire,Lifting Operations,Loading Area,Suspended Load,Exclusion Zone Breach,Fatal Crushing,Synthetic,No
0065,Worker removed isolation lock before job completion certificate issued,1,Critical,Energy Isolation,Electrical Maintenance,Production Area,Electrical Energy,LOTO Not Applied,Electrocution,Synthetic,No
0066,"Minor pothole noted in parking area, reported for repair",0,Low,None,Parking Area,Parking Lot,Minor Obstruction,None,No Injury,Synthetic,No
0067,"Unlabeled bin found during safety walk, corrected on spot",0,Low,None,Inspection Round,Plant Area,Housekeeping,None,No Injury,Synthetic,No
0068,"Minor pothole noted in parking area, reported for repair",0,Low,None,Parking Area,Parking Lot,Minor Obstruction,None,No Injury,Synthetic,No
0069,"Minor spill near break room refrigerator, cleaned promptly",0,Low,None,Break Room Activity,Break Room,Minor Hygiene Issue,None,No Injury,Synthetic,No
0070,"Attendance register missing signature, corrected same day",0,Low,None,Training Session,Training Room,None,None,No Injury,Synthetic,No
0071,Minor dust accumulation observed on warehouse shelving,0,Low,None,Warehouse Operations,Warehouse,Stacked Material,Proper Stacking Missed,Minor Injury,Synthetic,No
0072,Minor housekeeping issue near office entrance,0,Low,None,Housekeeping,Office,Slip Hazard,None,Minor Injury,Synthetic,No
0073,"Expired item found in store inventory, removed during check",0,Low,None,Store Room Activity,Store Room,Minor Clutter,None,No Injury,Synthetic,No
0074,Cutting torch used near open flammable liquid without isolation,1,Critical,Hot Work,Hot Work,Process Unit,Flammable Atmosphere,Gas Test Not Done,Fire/Explosion,Synthetic,No
0075,Minor documentation gap noted during routine audit,0,Low,None,Inspection Round,Plant Area,Housekeeping,None,No Injury,Synthetic,No
0076,Substation cable tested without confirming de-energization,1,Critical,Energy Isolation,Electrical Maintenance,Substation,High Voltage Line,Isolation Point Skipped,Electrocution,Synthetic,No
0077,"Unlabeled bin found during safety walk, corrected on spot",0,Low,None,Inspection Round,Plant Area,Housekeeping,None,No Injury,Synthetic,No
0078,"Minor spill near break room refrigerator, cleaned promptly",0,Low,None,Break Room Activity,Break Room,Minor Hygiene Issue,None,No Injury,Synthetic,No
0079,"Routine inspection found minor housekeeping gap, closed same day",0,Low,None,Inspection Round,Plant Area,Housekeeping,None,No Injury,Synthetic,No
0080,Employee requested footrest for ergonomic improvement,0,Low,None,Office Work,Office,Ergonomic,None,Minor Discomfort,Synthetic,No
0081,"Label missing on storage bin, corrected during audit",0,Low,None,Warehouse Operations,Warehouse,Stacked Material,Proper Stacking Missed,Minor Injury,Synthetic,No
0082,"Attendance register missing signature, corrected same day",0,Low,None,Training Session,Training Room,None,None,No Injury,Synthetic,No
0083,Interlock switch bypassed to keep production running during jam clearance,1,Critical,Machine Guarding,Machine Operation,Workshop,Rotating Equipment,Guard Removed,Amputation,Synthetic,No
0084,Worker removed isolation lock before job completion certificate issued,1,Critical,Energy Isolation,Electrical Maintenance,Production Area,Electrical Energy,LOTO Not Applied,Electrocution,Synthetic,No
0085,Worker entered tank without atmospheric gas testing,1,Critical,Confined Space,Tank Entry,Tank Farm,Toxic Atmosphere,Gas Testing Skipped,Asphyxiation,Synthetic,No
0086,Worker stood in line of fire while pressure testing pipeline,1,Critical,Energy Isolation,Pressure Testing,Process Unit,Pressurized System,Isolation Not Verified,Explosion/Rupture,Synthetic,No
0087,Heavy debris dropped near active work zone without exclusion barrier,1,Critical,Line of Fire,Demolition Work,Construction Site,Structural Instability,Engineering Review Skipped,Structural Collapse,Synthetic,No
0088,Worker pinched finger lightly while closing toolbox,0,Low,None,General Maintenance,Workshop,Minor Cut Hazard,None,First Aid Case,Synthetic,No
0089,Minor housekeeping issue near office entrance,0,Low,None,Housekeeping,Office,Slip Hazard,None,Minor Injury,Synthetic,No
0090,Minor eye strain reported after prolonged screen use,0,Low,None,Office Work,Office,Ergonomic,None,Minor Discomfort,Synthetic,No
0091,"Minor scrape while unpacking material crate, first aid applied",0,Low,None,General Maintenance,Workshop,Minor Cut Hazard,None,First Aid Case,Synthetic,No
0092,"Minor material spillage in warehouse aisle, cleaned immediately",0,Low,None,Warehouse Operations,Warehouse,Stacked Material,Proper Stacking Missed,Minor Injury,Synthetic,No
0093,Personnel removed guardrail without fall protection in place,1,Critical,Work at Height,Working at Height,Scaffold Area,Fall Hazard,Harness Not Anchored,Fall From Height,Synthetic,No
0094,"Coffee machine leak observed in break room, reported for repair",0,Low,None,Break Room Activity,Break Room,Minor Hygiene Issue,None,No Injury,Synthetic,No
0095,Chemical spill occurred during transfer without containment,1,Critical,Chemical Handling,Chemical Handling,Chemical Storage,Corrosive Substance,PPE Not Worn,Chemical Burn,Synthetic,No
0096,Cutting torch used near open flammable liquid without isolation,1,Critical,Hot Work,Hot Work,Process Unit,Flammable Atmosphere,Gas Test Not Done,Fire/Explosion,Synthetic,No
0097,"Minor pothole noted in parking area, reported for repair",0,Low,None,Parking Area,Parking Lot,Minor Obstruction,None,No Injury,Synthetic,No
0098,"Vehicle parked slightly outside marked bay, corrected on observation",0,Low,None,Parking Area,Parking Lot,Minor Obstruction,None,No Injury,Synthetic,No
0099,"Speed bump sign found faded in parking lot, replaced",0,Low,None,Parking Area,Parking Lot,Minor Obstruction,None,No Injury,Synthetic,No
0100,Pressure test conducted without verifying line isolation,1,Critical,Energy Isolation,Pressure Testing,Process Unit,Pressurized System,Isolation Not Verified,Explosion/Rupture,Synthetic,No
0101,Small bruise reported after minor bump against equipment,0,Low,None,General Maintenance,Workshop,Minor Cut Hazard,None,First Aid Case,Synthetic,No
0102,Worker contacted overhead power line while operating boom lift nearby,1,Critical,Energy Isolation,Electrical Maintenance,Substation,High Voltage Line,Isolation Point Skipped,Electrocution,Synthetic,No
0103,Worker fell overboard without personal flotation device worn,1,Critical,Line of Fire,Diving/Marine Operations,Offshore Site,Underwater Hazard,Communication Loss,Drowning,Synthetic,No
0104,Minor eye strain reported after prolonged screen use,0,Low,None,Office Work,Office,Ergonomic,None,Minor Discomfort,Synthetic,No
0105,Personnel removed guardrail without fall protection in place,1,Critical,Work at Height,Working at Height,Scaffold Area,Fall Hazard,Harness Not Anchored,Fall From Height,Synthetic,No
0106,Worker contacted overhead power line while operating boom lift nearby,1,Critical,Energy Isolation,Electrical Maintenance,Substation,High Voltage Line,Isolation Point Skipped,Electrocution,Synthetic,No
0107,Minor housekeeping issue near office entrance,0,Low,None,Housekeeping,Office,Slip Hazard,None,Minor Injury,Synthetic,No
0108,Worker fell overboard without personal flotation device worn,1,Critical,Line of Fire,Diving/Marine Operations,Offshore Site,Underwater Hazard,Communication Loss,Drowning,Synthetic,No
0109,"Minor food spillage near canteen counter, cleaned promptly",0,Low,None,Housekeeping,Canteen,Wet Floor,Warning Sign Missing,Minor Slip,Synthetic,No
0110,"Minor labeling error found on stored material, corrected",0,Low,None,Store Room Activity,Store Room,Minor Clutter,None,No Injury,Synthetic,No
0111,"Minor pothole noted in parking area, reported for repair",0,Low,None,Parking Area,Parking Lot,Minor Obstruction,None,No Injury,Synthetic,No
0112,"Label missing on storage bin, corrected during audit",0,Low,None,Warehouse Operations,Warehouse,Stacked Material,Proper Stacking Missed,Minor Injury,Synthetic,No
0113,Jumper cable connected to line assumed dead without verification,1,Critical,Energy Isolation,Electrical Maintenance,Substation,High Voltage Line,Isolation Point Skipped,Electrocution,Synthetic,No
0114,Worker removed isolation lock before job completion certificate issued,1,Critical,Energy Isolation,Electrical Maintenance,Production Area,Electrical Energy,LOTO Not Applied,Electrocution,Synthetic,No
0115,Technician worked on live panel without lockout tagout,1,Critical,Energy Isolation,Electrical Maintenance,Production Area,Electrical Energy,LOTO Not Applied,Electrocution,Synthetic,No
0116,Loose stationery observed on office desk,0,Low,None,Office Work,Office,Ergonomic,None,Minor Discomfort,Synthetic,No
0117,"Unlabeled bin found during safety walk, corrected on spot",0,Low,None,Inspection Round,Plant Area,Housekeeping,None,No Injury,Synthetic,No
0118,Contractor entered underground pit without confined space permit,1,Critical,Confined Space,Tank Entry,Tank Farm,Toxic Atmosphere,Gas Testing Skipped,Asphyxiation,Synthetic,No
0119,Jumper cable connected to line assumed dead without verification,1,Critical,Energy Isolation,Electrical Maintenance,Substation,High Voltage Line,Isolation Point Skipped,Electrocution,Synthetic,No
0120,Small bruise reported after minor bump against equipment,0,Low,None,General Maintenance,Workshop,Minor Cut Hazard,None,First Aid Case,Synthetic,No
0121,"Chemical drum overfilled during transfer, causing splash exposure",1,Critical,Chemical Handling,Chemical Handling,Chemical Storage,Corrosive Substance,PPE Not Worn,Chemical Burn,Synthetic,No
0122,Chemical spill occurred during transfer without containment,1,Critical,Chemical Handling,Chemical Handling,Chemical Storage,Corrosive Substance,PPE Not Worn,Chemical Burn,Synthetic,No
0123,Worker removed isolation lock before job completion certificate issued,1,Critical,Energy Isolation,Electrical Maintenance,Production Area,Electrical Energy,LOTO Not Applied,Electrocution,Synthetic,No
0124,Excavation carried out without checking for buried utility lines,1,Critical,Excavation,Excavation Work,Pipeline Trench,Trench Collapse,No Shoring Installed,Burial/Suffocation,Synthetic,No
0125,"Cable lying on office floor, minor trip hazard noted",0,Low,None,Housekeeping,Office,Slip Hazard,None,Minor Injury,Synthetic,No
0126,Worker walked behind reversing dumper without eye contact with operator,1,Critical,Line of Fire,Mobile Equipment,Yard,Reversing Vehicle,Spotter Absent,Struck-By Injury,Synthetic,No
0127,Loose stationery observed on office desk,0,Low,None,Office Work,Office,Ergonomic,None,Minor Discomfort,Synthetic,No
0128,Employee reported minor back discomfort from office chair,0,Low,None,Office Work,Office,Ergonomic,None,Minor Discomfort,Synthetic,No
0129,Overloaded sling used during material lifting operation,1,Critical,Line of Fire,Lifting Operations,Yard,Overhead Crane,Load Chart Exceeded,Structural Failure,Synthetic,No
0130,Contractor entered underground pit without confined space permit,1,Critical,Confined Space,Tank Entry,Tank Farm,Toxic Atmosphere,Gas Testing Skipped,Asphyxiation,Synthetic,No
0131,"Minor food spillage near canteen counter, cleaned promptly",0,Low,None,Housekeeping,Canteen,Wet Floor,Warning Sign Missing,Minor Slip,Synthetic,No
0132,Worker fell overboard without personal flotation device worn,1,Critical,Line of Fire,Diving/Marine Operations,Offshore Site,Underwater Hazard,Communication Loss,Drowning,Synthetic,No
0133,"Routine inspection found minor housekeeping gap, closed same day",0,Low,None,Inspection Round,Plant Area,Housekeeping,None,No Injury,Synthetic,No
0134,Worker entered nitrogen-purged vessel without gas test clearance,1,Critical,Confined Space,Vessel Cleaning,Process Unit,Inert Atmosphere,Attendant Not Present,Asphyxiation,Synthetic,No
0135,"Wet floor in canteen without warning sign, corrected quickly",0,Low,None,Housekeeping,Canteen,Wet Floor,Warning Sign Missing,Minor Slip,Synthetic,No
0136,"Wet floor in canteen without warning sign, corrected quickly",0,Low,None,Housekeeping,Canteen,Wet Floor,Warning Sign Missing,Minor Slip,Synthetic,No
0137,"Boxes stacked slightly above recommended height, corrected on observation",0,Low,None,Warehouse Operations,Warehouse,Stacked Material,Proper Stacking Missed,Minor Injury,Synthetic,No
0138,Jumper cable connected to line assumed dead without verification,1,Critical,Energy Isolation,Electrical Maintenance,Substation,High Voltage Line,Isolation Point Skipped,Electrocution,Synthetic,No
0139,Employee exposed to acid fumes due to ventilation failure,1,Critical,Chemical Handling,Chemical Handling,Chemical Storage,Corrosive Substance,PPE Not Worn,Chemical Burn,Synthetic,No
0140,"Chair wheel slightly loose, reported for maintenance",0,Low,None,Housekeeping,Office,Slip Hazard,None,Minor Injury,Synthetic,No
0141,Loose stationery observed on office desk,0,Low,None,Office Work,Office,Ergonomic,None,Minor Discomfort,Synthetic,No
0142,Vessel cleaning started without a standby attendant at entry point,1,Critical,Confined Space,Vessel Cleaning,Process Unit,Inert Atmosphere,Attendant Not Present,Asphyxiation,Synthetic,No
0143,Minor slip near canteen entrance due to spilled water,0,Low,None,Housekeeping,Canteen,Wet Floor,Warning Sign Missing,Minor Slip,Synthetic,No
0144,Worker fell overboard without personal flotation device worn,1,Critical,Line of Fire,Diving/Marine Operations,Offshore Site,Underwater Hazard,Communication Loss,Drowning,Synthetic,No
0145,Welding started near flammable material without hot work permit,1,Critical,Hot Work,Hot Work,Process Unit,Flammable Atmosphere,Gas Test Not Done,Fire/Explosion,Synthetic,No
0146,Minor housekeeping issue near office entrance,0,Low,None,Housekeeping,Office,Slip Hazard,None,Minor Injury,Synthetic,No
0147,Worker fell overboard without personal flotation device worn,1,Critical,Line of Fire,Diving/Marine Operations,Offshore Site,Underwater Hazard,Communication Loss,Drowning,Synthetic,No
0148,"Minor pothole noted in parking area, reported for repair",0,Low,None,Parking Area,Parking Lot,Minor Obstruction,None,No Injury,Synthetic,No
0149,Pressure test conducted without verifying line isolation,1,Critical,Energy Isolation,Pressure Testing,Process Unit,Pressurized System,Isolation Not Verified,Explosion/Rupture,Synthetic,No
0150,"Attendance register missing signature, corrected same day",0,Low,None,Training Session,Training Room,None,None,No Injury,Synthetic,No
0151,"Attendance register missing signature, corrected same day",0,Low,None,Training Session,Training Room,None,None,No Injury,Synthetic,No
0152,Employee working at height with harness lanyard unattached,1,Critical,Work at Height,Working at Height,Scaffold Area,Fall Hazard,Harness Not Anchored,Fall From Height,Synthetic,No
0153,Contractor entered underground pit without confined space permit,1,Critical,Confined Space,Tank Entry,Tank Farm,Toxic Atmosphere,Gas Testing Skipped,Asphyxiation,Synthetic,No
0154,Loose stationery observed on office desk,0,Low,None,Housekeeping,Office,Slip Hazard,None,Minor Injury,Synthetic,No
0155,Driver did not wear seatbelt during transport on plant road,1,Critical,Safe Driving,Vehicle Operation,Site Road,Moving Vehicle,Seatbelt Not Worn,Vehicle Collision,Synthetic,No
0156,Worker removed isolation lock before job completion certificate issued,1,Critical,Energy Isolation,Electrical Maintenance,Production Area,Electrical Energy,LOTO Not Applied,Electrocution,Synthetic,No
0157,"Speed bump sign found faded in parking lot, replaced",0,Low,None,Parking Area,Parking Lot,Minor Obstruction,None,No Injury,Synthetic,No
0158,"Minor spill near break room refrigerator, cleaned promptly",0,Low,None,Break Room Activity,Break Room,Minor Hygiene Issue,None,No Injury,Synthetic,No
0159,"Cable lying on office floor, minor trip hazard noted",0,Low,None,Housekeeping,Office,Slip Hazard,None,Minor Injury,Synthetic,No
0160,Driver did not wear seatbelt during transport on plant road,1,Critical,Safe Driving,Vehicle Operation,Site Road,Moving Vehicle,Seatbelt Not Worn,Vehicle Collision,Synthetic,No
0161,Hot work carried out without fire watch present,1,Critical,Hot Work,Hot Work,Process Unit,Flammable Atmosphere,Gas Test Not Done,Fire/Explosion,Synthetic,No
0162,"Minor pothole noted in parking area, reported for repair",0,Low,None,Parking Area,Parking Lot,Minor Obstruction,None,No Injury,Synthetic,No
0163,Forklift reversed without a spotter in congested yard area,1,Critical,Line of Fire,Mobile Equipment,Yard,Reversing Vehicle,Spotter Absent,Struck-By Injury,Synthetic,No
0164,Rigger positioned himself in line of fire while load was being hoisted,1,Critical,Line of Fire,Lifting Operations,Loading Area,Suspended Load,Exclusion Zone Breach,Fatal Crushing,Synthetic,No
0165,Worker positioned under partially demolished structure during work,1,Critical,Line of Fire,Demolition Work,Construction Site,Structural Instability,Engineering Review Skipped,Structural Collapse,Synthetic,No
0166,"Minor material spillage in warehouse aisle, cleaned immediately",0,Low,None,Warehouse Operations,Warehouse,Stacked Material,Proper Stacking Missed,Minor Injury,Synthetic,No
0167,Minor housekeeping issue near office entrance,0,Low,None,Housekeeping,Office,Slip Hazard,None,Minor Injury,Synthetic,No
0168,Technician worked on live panel without lockout tagout,1,Critical,Energy Isolation,Electrical Maintenance,Production Area,Electrical Energy,LOTO Not Applied,Electrocution,Synthetic,No
0169,Crane hook block swung uncontrolled near working personnel,1,Critical,Line of Fire,Lifting Operations,Yard,Overhead Crane,Load Chart Exceeded,Structural Failure,Synthetic,No
0170,Worker walked behind reversing dumper without eye contact with operator,1,Critical,Line of Fire,Mobile Equipment,Yard,Reversing Vehicle,Spotter Absent,Struck-By Injury,Synthetic,No
0171,Diver lost communication with surface team during subsea operation,1,Critical,Line of Fire,Diving/Marine Operations,Offshore Site,Underwater Hazard,Communication Loss,Drowning,Synthetic,No
0172,"Coffee machine leak observed in break room, reported for repair",0,Low,None,Break Room Activity,Break Room,Minor Hygiene Issue,None,No Injury,Synthetic,No
0173,"Minor clutter observed near store room shelving, cleared promptly",0,Low,None,Store Room Activity,Store Room,Minor Clutter,None,No Injury,Synthetic,No
0174,Worker entered tank without atmospheric gas testing,1,Critical,Confined Space,Tank Entry,Tank Farm,Toxic Atmosphere,Gas Testing Skipped,Asphyxiation,Synthetic,No
0175,"Speed bump sign found faded in parking lot, replaced",0,Low,None,Parking Area,Parking Lot,Minor Obstruction,None,No Injury,Synthetic,No
0176,Diver lost communication with surface team during subsea operation,1,Critical,Line of Fire,Diving/Marine Operations,Offshore Site,Underwater Hazard,Communication Loss,Drowning,Synthetic,No
0177,"Speed bump sign found faded in parking lot, replaced",0,Low,None,Parking Area,Parking Lot,Minor Obstruction,None,No Injury,Synthetic,No
0178,Paper waste bin overflowing near workstation,0,Low,None,Housekeeping,Office,Slip Hazard,None,Minor Injury,Synthetic,No
0179,"Boxes stacked slightly above recommended height, corrected on observation",0,Low,None,Warehouse Operations,Warehouse,Stacked Material,Proper Stacking Missed,Minor Injury,Synthetic,No
0180,Ventilation blower switched off while worker still inside vessel,1,Critical,Confined Space,Tank Entry,Tank Farm,Toxic Atmosphere,Gas Testing Skipped,Asphyxiation,Synthetic,No
0181,Jumper cable connected to line assumed dead without verification,1,Critical,Energy Isolation,Electrical Maintenance,Substation,High Voltage Line,Isolation Point Skipped,Electrocution,Synthetic,No
0182,"Vehicle parked slightly outside marked bay, corrected on observation",0,Low,None,Parking Area,Parking Lot,Minor Obstruction,None,No Injury,Synthetic,No
0183,"Speed bump sign found faded in parking lot, replaced",0,Low,None,Parking Area,Parking Lot,Minor Obstruction,None,No Injury,Synthetic,No
0184,Driver was using mobile phone while operating vehicle on site road,1,Critical,Safe Driving,Vehicle Operation,Site Road,Moving Vehicle,Seatbelt Not Worn,Vehicle Collision,Synthetic,No
0185,Minor eye strain reported after prolonged screen use,0,Low,None,Office Work,Office,Ergonomic,None,Minor Discomfort,Synthetic,No
0186,Minor eye strain reported after prolonged screen use,0,Low,None,Office Work,Office,Ergonomic,None,Minor Discomfort,Synthetic,No
0187,Worker positioned under partially demolished structure during work,1,Critical,Line of Fire,Demolition Work,Construction Site,Structural Instability,Engineering Review Skipped,Structural Collapse,Synthetic,No
0188,Minor slip near canteen entrance due to spilled water,0,Low,None,Housekeeping,Canteen,Wet Floor,Warning Sign Missing,Minor Slip,Synthetic,No
0189,"Minor material spillage in warehouse aisle, cleaned immediately",0,Low,None,Warehouse Operations,Warehouse,Stacked Material,Proper Stacking Missed,Minor Injury,Synthetic,No
0190,"Expired item found in store inventory, removed during check",0,Low,None,Store Room Activity,Store Room,Minor Clutter,None,No Injury,Synthetic,No
0191,Employee requested footrest for ergonomic improvement,0,Low,None,Office Work,Office,Ergonomic,None,Minor Discomfort,Synthetic,No
0192,"Wet floor in canteen without warning sign, corrected quickly",0,Low,None,Housekeeping,Canteen,Wet Floor,Warning Sign Missing,Minor Slip,Synthetic,No
0193,"Boxes stacked slightly above recommended height, corrected on observation",0,Low,None,Warehouse Operations,Warehouse,Stacked Material,Proper Stacking Missed,Minor Injury,Synthetic,No
0194,Minor documentation gap noted during routine audit,0,Low,None,Inspection Round,Plant Area,Housekeeping,None,No Injury,Synthetic,No
0195,Minor slip near canteen entrance due to spilled water,0,Low,None,Housekeeping,Canteen,Wet Floor,Warning Sign Missing,Minor Slip,Synthetic,No
0196,Crane hook block swung uncontrolled near working personnel,1,Critical,Line of Fire,Lifting Operations,Yard,Overhead Crane,Load Chart Exceeded,Structural Failure,Synthetic,No
0197,Worker contacted overhead power line while operating boom lift nearby,1,Critical,Energy Isolation,Electrical Maintenance,Substation,High Voltage Line,Isolation Point Skipped,Electrocution,Synthetic,No
0198,Worker positioned under partially demolished structure during work,1,Critical,Line of Fire,Demolition Work,Construction Site,Structural Instability,Engineering Review Skipped,Structural Collapse,Synthetic,No
0199,"Minor food spillage near canteen counter, cleaned promptly",0,Low,None,Housekeeping,Canteen,Wet Floor,Warning Sign Missing,Minor Slip,Synthetic,No
0200,Minor eye strain reported after prolonged screen use,0,Low,None,Office Work,Office,Ergonomic,None,Minor Discomfort,Synthetic,No
0201,Energized equipment opened for repair without isolation verification,1,Critical,Energy Isolation,Electrical Maintenance,Production Area,Electrical Energy,LOTO Not Applied,Electrocution,Synthetic,No
0202,Pressure test conducted without verifying line isolation,1,Critical,Energy Isolation,Pressure Testing,Process Unit,Pressurized System,Isolation Not Verified,Explosion/Rupture,Synthetic,No
0203,"Expired item found in store inventory, removed during check",0,Low,None,Store Room Activity,Store Room,Minor Clutter,None,No Injury,Synthetic,No
0204,Worker climbed scaffold without securing safety harness,1,Critical,Work at Height,Working at Height,Scaffold Area,Fall Hazard,Harness Not Anchored,Fall From Height,Synthetic,No
0205,Worker pinched finger lightly while closing toolbox,0,Low,None,General Maintenance,Workshop,Minor Cut Hazard,None,First Aid Case,Synthetic,No
0206,Grinding operation performed without gas testing near process unit,1,Critical,Hot Work,Hot Work,Process Unit,Flammable Atmosphere,Gas Test Not Done,Fire/Explosion,Synthetic,No
0207,"Minor pothole noted in parking area, reported for repair",0,Low,None,Parking Area,Parking Lot,Minor Obstruction,None,No Injury,Synthetic,No
0208,"Unlabeled bin found during safety walk, corrected on spot",0,Low,None,Inspection Round,Plant Area,Housekeeping,None,No Injury,Synthetic,No
0209,"Expired item found in store inventory, removed during check",0,Low,None,Store Room Activity,Store Room,Minor Clutter,None,No Injury,Synthetic,No
0210,"Tag line not used, worker exposed under suspended load near loading bay",1,Critical,Line of Fire,Lifting Operations,Loading Area,Suspended Load,Exclusion Zone Breach,Fatal Crushing,Synthetic,No
0211,"Projector malfunction reported during toolbox talk, resolved quickly",0,Low,None,Training Session,Training Room,None,None,No Injury,Synthetic,No
0212,"Projector malfunction reported during toolbox talk, resolved quickly",0,Low,None,Training Session,Training Room,None,None,No Injury,Synthetic,No
0213,Jumper cable connected to line assumed dead without verification,1,Critical,Energy Isolation,Electrical Maintenance,Substation,High Voltage Line,Isolation Point Skipped,Electrocution,Synthetic,No
0214,Trench walls collapsed while worker was inside unsupported excavation,1,Critical,Excavation,Excavation Work,Pipeline Trench,Trench Collapse,No Shoring Installed,Burial/Suffocation,Synthetic,No
0215,Ladder used beyond safe working height without secondary support,1,Critical,Work at Height,Working at Height,Scaffold Area,Fall Hazard,Harness Not Anchored,Fall From Height,Synthetic,No
0216,Loader operated near pedestrian walkway without horn warning,1,Critical,Line of Fire,Mobile Equipment,Yard,Reversing Vehicle,Spotter Absent,Struck-By Injury,Synthetic,No
0217,Interlock switch bypassed to keep production running during jam clearance,1,Critical,Machine Guarding,Machine Operation,Workshop,Rotating Equipment,Guard Removed,Amputation,Synthetic,No
0218,"Minor spill near break room refrigerator, cleaned promptly",0,Low,None,Break Room Activity,Break Room,Minor Hygiene Issue,None,No Injury,Synthetic,No
0219,Employee exposed to acid fumes due to ventilation failure,1,Critical,Chemical Handling,Chemical Handling,Chemical Storage,Corrosive Substance,PPE Not Worn,Chemical Burn,Synthetic,No
0220,"Wet floor in canteen without warning sign, corrected quickly",0,Low,None,Housekeeping,Canteen,Wet Floor,Warning Sign Missing,Minor Slip,Synthetic,No
0221,Worker walked behind reversing dumper without eye contact with operator,1,Critical,Line of Fire,Mobile Equipment,Yard,Reversing Vehicle,Spotter Absent,Struck-By Injury,Synthetic,No
0222,"Pallet placed close to walkway, minor obstruction noted",0,Low,None,Warehouse Operations,Warehouse,Stacked Material,Proper Stacking Missed,Minor Injury,Synthetic,No
0223,Excavation work carried out without protective shoring system,1,Critical,Excavation,Excavation Work,Pipeline Trench,Trench Collapse,No Shoring Installed,Burial/Suffocation,Synthetic,No
0224,Minor scheduling delay reported during safety training session,0,Low,None,Training Session,Training Room,None,None,No Injury,Synthetic,No
0225,"Attendance register missing signature, corrected same day",0,Low,None,Training Session,Training Room,None,None,No Injury,Synthetic,No
0226,Employee reported minor back discomfort from office chair,0,Low,None,Office Work,Office,Ergonomic,None,Minor Discomfort,Synthetic,No
0227,"Projector malfunction reported during toolbox talk, resolved quickly",0,Low,None,Training Session,Training Room,None,None,No Injury,Synthetic,No
0228,Employee reported minor splinter while handling wooden pallet,0,Low,None,General Maintenance,Workshop,Minor Cut Hazard,None,First Aid Case,Synthetic,No
0229,"Vehicle parked slightly outside marked bay, corrected on observation",0,Low,None,Parking Area,Parking Lot,Minor Obstruction,None,No Injury,Synthetic,No
0230,Employee exposed to acid fumes due to ventilation failure,1,Critical,Chemical Handling,Chemical Handling,Chemical Storage,Corrosive Substance,PPE Not Worn,Chemical Burn,Synthetic,No
0231,Driver showed signs of fatigue during long haul transport run,1,Critical,Safe Driving,Vehicle Operation,Site Road,Moving Vehicle,Seatbelt Not Worn,Vehicle Collision,Synthetic,No
0232,"Minor food spillage near canteen counter, cleaned promptly",0,Low,None,Housekeeping,Canteen,Wet Floor,Warning Sign Missing,Minor Slip,Synthetic,No
0233,"Minor food spillage near canteen counter, cleaned promptly",0,Low,None,Housekeeping,Canteen,Wet Floor,Warning Sign Missing,Minor Slip,Synthetic,No
0234,Minor scheduling delay reported during safety training session,0,Low,None,Training Session,Training Room,None,None,No Injury,Synthetic,No
0235,Vessel cleaning started without a standby attendant at entry point,1,Critical,Confined Space,Vessel Cleaning,Process Unit,Inert Atmosphere,Attendant Not Present,Asphyxiation,Synthetic,No
0236,Heavy debris dropped near active work zone without exclusion barrier,1,Critical,Line of Fire,Demolition Work,Construction Site,Structural Instability,Engineering Review Skipped,Structural Collapse,Synthetic,No
0237,Trench walls collapsed while worker was inside unsupported excavation,1,Critical,Excavation,Excavation Work,Pipeline Trench,Trench Collapse,No Shoring Installed,Burial/Suffocation,Synthetic,No
0238,Employee working at height with harness lanyard unattached,1,Critical,Work at Height,Working at Height,Scaffold Area,Fall Hazard,Harness Not Anchored,Fall From Height,Synthetic,No
0239,Excavation carried out without checking for buried utility lines,1,Critical,Excavation,Excavation Work,Pipeline Trench,Trench Collapse,No Shoring Installed,Burial/Suffocation,Synthetic,No
0240,Roof access made without anchor point for fall arrest harness,1,Critical,Work at Height,Roof Work,Rooftop,Fragile Surface,No Fall Arrest System,Fall From Height,Synthetic,No
0241,Worker climbed scaffold without securing safety harness,1,Critical,Work at Height,Working at Height,Scaffold Area,Fall Hazard,Harness Not Anchored,Fall From Height,Synthetic,No
0242,"Projector malfunction reported during toolbox talk, resolved quickly",0,Low,None,Training Session,Training Room,None,None,No Injury,Synthetic,No
0243,Diver lost communication with surface team during subsea operation,1,Critical,Line of Fire,Diving/Marine Operations,Offshore Site,Underwater Hazard,Communication Loss,Drowning,Synthetic,No
0244,Worker entered unshored trench deeper than 1.5 meters,1,Critical,Excavation,Excavation Work,Pipeline Trench,Trench Collapse,No Shoring Installed,Burial/Suffocation,Synthetic,No
0245,"Coffee machine leak observed in break room, reported for repair",0,Low,None,Break Room Activity,Break Room,Minor Hygiene Issue,None,No Injury,Synthetic,No
0246,Worker fell overboard without personal flotation device worn,1,Critical,Line of Fire,Diving/Marine Operations,Offshore Site,Underwater Hazard,Communication Loss,Drowning,Synthetic,No
0247,"Boxes stacked slightly above recommended height, corrected on observation",0,Low,None,Warehouse Operations,Warehouse,Stacked Material,Proper Stacking Missed,Minor Injury,Synthetic,No
0248,Roof access made without anchor point for fall arrest harness,1,Critical,Work at Height,Roof Work,Rooftop,Fragile Surface,No Fall Arrest System,Fall From Height,Synthetic,No
0249,Valve opened on pressurized line without depressurizing first,1,Critical,Energy Isolation,Pressure Testing,Process Unit,Pressurized System,Isolation Not Verified,Explosion/Rupture,Synthetic,No
0250,Loose stationery observed on office desk,0,Low,None,Housekeeping,Office,Slip Hazard,None,Minor Injury,Synthetic,No
0251,Heavy debris dropped near active work zone without exclusion barrier,1,Critical,Line of Fire,Demolition Work,Construction Site,Structural Instability,Engineering Review Skipped,Structural Collapse,Synthetic,No
0252,Employee requested footrest for ergonomic improvement,0,Low,None,Office Work,Office,Ergonomic,None,Minor Discomfort,Synthetic,No
0253,"Minor pothole noted in parking area, reported for repair",0,Low,None,Parking Area,Parking Lot,Minor Obstruction,None,No Injury,Synthetic,No
0254,"Boxes stacked slightly above recommended height, corrected on observation",0,Low,None,Warehouse Operations,Warehouse,Stacked Material,Proper Stacking Missed,Minor Injury,Synthetic,No
0255,Rescue plan not in place before confined space entry began,1,Critical,Confined Space,Tank Entry,Tank Farm,Toxic Atmosphere,Gas Testing Skipped,Asphyxiation,Synthetic,No
0256,Employee requested footrest for ergonomic improvement,0,Low,None,Office Work,Office,Ergonomic,None,Minor Discomfort,Synthetic,No
0257,Crane operator lifted load exceeding rated capacity,1,Critical,Line of Fire,Lifting Operations,Yard,Overhead Crane,Load Chart Exceeded,Structural Failure,Synthetic,No
0258,Minor dust accumulation observed on warehouse shelving,0,Low,None,Warehouse Operations,Warehouse,Stacked Material,Proper Stacking Missed,Minor Injury,Synthetic,No
0259,Minor slip near canteen entrance due to spilled water,0,Low,None,Housekeeping,Canteen,Wet Floor,Warning Sign Missing,Minor Slip,Synthetic,No
0260,"Speed bump sign found faded in parking lot, replaced",0,Low,None,Parking Area,Parking Lot,Minor Obstruction,None,No Injury,Synthetic,No
0261,Substation cable tested without confirming de-energization,1,Critical,Energy Isolation,Electrical Maintenance,Substation,High Voltage Line,Isolation Point Skipped,Electrocution,Synthetic,No
0262,Worker fell overboard without personal flotation device worn,1,Critical,Line of Fire,Diving/Marine Operations,Offshore Site,Underwater Hazard,Communication Loss,Drowning,Synthetic,No
0263,Vehicle collided with pedestrian near site gate due to speeding,1,Critical,Safe Driving,Vehicle Operation,Site Road,Moving Vehicle,Seatbelt Not Worn,Vehicle Collision,Synthetic,No
0264,Minor housekeeping issue near office entrance,0,Low,None,Housekeeping,Office,Slip Hazard,None,Minor Injury,Synthetic,No
0265,"Expired item found in store inventory, removed during check",0,Low,None,Store Room Activity,Store Room,Minor Clutter,None,No Injury,Synthetic,No
0266,"Label missing on storage bin, corrected during audit",0,Low,None,Warehouse Operations,Warehouse,Stacked Material,Proper Stacking Missed,Minor Injury,Synthetic,No
0267,"Vehicle parked slightly outside marked bay, corrected on observation",0,Low,None,Parking Area,Parking Lot,Minor Obstruction,None,No Injury,Synthetic,No
0268,Employee exposed to acid fumes due to ventilation failure,1,Critical,Chemical Handling,Chemical Handling,Chemical Storage,Corrosive Substance,PPE Not Worn,Chemical Burn,Synthetic,No
0269,Worker walked on unprotected edge at elevated platform,1,Critical,Work at Height,Working at Height,Scaffold Area,Fall Hazard,Harness Not Anchored,Fall From Height,Synthetic,No
0270,Minor scheduling delay reported during safety training session,0,Low,None,Training Session,Training Room,None,None,No Injury,Synthetic,No
0271,Employee exposed to acid fumes due to ventilation failure,1,Critical,Chemical Handling,Chemical Handling,Chemical Storage,Corrosive Substance,PPE Not Worn,Chemical Burn,Synthetic,No
0272,Load lifted without verifying rigging certification,1,Critical,Line of Fire,Lifting Operations,Yard,Overhead Crane,Load Chart Exceeded,Structural Failure,Synthetic,No
0273,"Fire extinguisher tag found slightly faded, replaced promptly",0,Low,None,Inspection Round,Plant Area,Housekeeping,None,No Injury,Synthetic,No
0274,Worker walked behind reversing dumper without eye contact with operator,1,Critical,Line of Fire,Mobile Equipment,Yard,Reversing Vehicle,Spotter Absent,Struck-By Injury,Synthetic,No
0275,Loose stationery observed on office desk,0,Low,None,Office Work,Office,Ergonomic,None,Minor Discomfort,Synthetic,No
0276,"Pallet placed close to walkway, minor obstruction noted",0,Low,None,Warehouse Operations,Warehouse,Stacked Material,Proper Stacking Missed,Minor Injury,Synthetic,No
0277,"Minor material spillage in warehouse aisle, cleaned immediately",0,Low,None,Warehouse Operations,Warehouse,Stacked Material,Proper Stacking Missed,Minor Injury,Synthetic,No
0278,"Floor mat displaced near canteen door, minor trip risk",0,Low,None,Housekeeping,Canteen,Wet Floor,Warning Sign Missing,Minor Slip,Synthetic,No
0279,Heavy debris dropped near active work zone without exclusion barrier,1,Critical,Line of Fire,Demolition Work,Construction Site,Structural Instability,Engineering Review Skipped,Structural Collapse,Synthetic,No
0280,Roof access made without anchor point for fall arrest harness,1,Critical,Work at Height,Roof Work,Rooftop,Fragile Surface,No Fall Arrest System,Fall From Height,Synthetic,No
0281,Overloaded sling used during material lifting operation,1,Critical,Line of Fire,Lifting Operations,Yard,Overhead Crane,Load Chart Exceeded,Structural Failure,Synthetic,No
0282,Loose stationery observed on office desk,0,Low,None,Housekeeping,Office,Slip Hazard,None,Minor Injury,Synthetic,No
0283,Contractor entered underground pit without confined space permit,1,Critical,Confined Space,Tank Entry,Tank Farm,Toxic Atmosphere,Gas Testing Skipped,Asphyxiation,Synthetic,No
0284,Overloaded sling used during material lifting operation,1,Critical,Line of Fire,Lifting Operations,Yard,Overhead Crane,Load Chart Exceeded,Structural Failure,Synthetic,No
0285,Ladder access missing for worker inside deep trench,1,Critical,Excavation,Excavation Work,Pipeline Trench,Trench Collapse,No Shoring Installed,Burial/Suffocation,Synthetic,No
0286,Technician worked on live panel without lockout tagout,1,Critical,Energy Isolation,Electrical Maintenance,Production Area,Electrical Energy,LOTO Not Applied,Electrocution,Synthetic,No
0287,Confined space permit expired but work continued inside tank,1,Critical,Confined Space,Vessel Cleaning,Process Unit,Inert Atmosphere,Attendant Not Present,Asphyxiation,Synthetic,No
0288,"Minor clutter observed near store room shelving, cleared promptly",0,Low,None,Store Room Activity,Store Room,Minor Clutter,None,No Injury,Synthetic,No
0289,Employee cleaned rotating equipment without stopping machine,1,Critical,Machine Guarding,Machine Operation,Workshop,Rotating Equipment,Guard Removed,Amputation,Synthetic,No
0290,"Minor clutter observed near store room shelving, cleared promptly",0,Low,None,Store Room Activity,Store Room,Minor Clutter,None,No Injury,Synthetic,No
0291,Electrician bypassed LOTO procedure while repairing motor circuit,1,Critical,Energy Isolation,Electrical Maintenance,Production Area,Electrical Energy,LOTO Not Applied,Electrocution,Synthetic,No
0292,Worker handled corrosive chemical without proper PPE,1,Critical,Chemical Handling,Chemical Handling,Chemical Storage,Corrosive Substance,PPE Not Worn,Chemical Burn,Synthetic,No
0293,"Label missing on storage bin, corrected during audit",0,Low,None,Warehouse Operations,Warehouse,Stacked Material,Proper Stacking Missed,Minor Injury,Synthetic,No
0294,Loader operated near pedestrian walkway without horn warning,1,Critical,Line of Fire,Mobile Equipment,Yard,Reversing Vehicle,Spotter Absent,Struck-By Injury,Synthetic,No
0295,Demolition proceeded without structural stability assessment,1,Critical,Line of Fire,Demolition Work,Construction Site,Structural Instability,Engineering Review Skipped,Structural Collapse,Synthetic,No
0296,Pressure test conducted without verifying line isolation,1,Critical,Energy Isolation,Pressure Testing,Process Unit,Pressurized System,Isolation Not Verified,Explosion/Rupture,Synthetic,No
0297,Demolition proceeded without structural stability assessment,1,Critical,Line of Fire,Demolition Work,Construction Site,Structural Instability,Engineering Review Skipped,Structural Collapse,Synthetic,No
0298,"Label missing on storage bin, corrected during audit",0,Low,None,Warehouse Operations,Warehouse,Stacked Material,Proper Stacking Missed,Minor Injury,Synthetic,No
0299,Crane hook block swung uncontrolled near working personnel,1,Critical,Line of Fire,Lifting Operations,Yard,Overhead Crane,Load Chart Exceeded,Structural Failure,Synthetic,No
0300,Load lifted without verifying rigging certification,1,Critical,Line of Fire,Lifting Operations,Yard,Overhead Crane,Load Chart Exceeded,Structural Failure,Synthetic,No
0301,Padlock and tag missing on isolated breaker during panel repair,1,Critical,Energy Isolation,Electrical Maintenance,Production Area,Electrical Energy,LOTO Not Applied,Electrocution,Synthetic,No
0302,Truck reversed without spotter near active work zone,1,Critical,Safe Driving,Vehicle Operation,Site Road,Moving Vehicle,Seatbelt Not Worn,Vehicle Collision,Synthetic,No
0303,"Minor spill near break room refrigerator, cleaned promptly",0,Low,None,Break Room Activity,Break Room,Minor Hygiene Issue,None,No Injury,Synthetic,No
0304,Employee working inside trench without spoil pile setback,1,Critical,Excavation,Excavation Work,Pipeline Trench,Trench Collapse,No Shoring Installed,Burial/Suffocation,Synthetic,No
0305,Electrical maintenance started without power isolation,1,Critical,Energy Isolation,Electrical Maintenance,Production Area,Electrical Energy,LOTO Not Applied,Electrocution,Synthetic,No
0306,Employee requested footrest for ergonomic improvement,0,Low,None,Office Work,Office,Ergonomic,None,Minor Discomfort,Synthetic,No
0307,"Expired item found in store inventory, removed during check",0,Low,None,Store Room Activity,Store Room,Minor Clutter,None,No Injury,Synthetic,No
0308,"Projector malfunction reported during toolbox talk, resolved quickly",0,Low,None,Training Session,Training Room,None,None,No Injury,Synthetic,No
0309,Demolition proceeded without structural stability assessment,1,Critical,Line of Fire,Demolition Work,Construction Site,Structural Instability,Engineering Review Skipped,Structural Collapse,Synthetic,No
0310,Worker walked behind reversing dumper without eye contact with operator,1,Critical,Line of Fire,Mobile Equipment,Yard,Reversing Vehicle,Spotter Absent,Struck-By Injury,Synthetic,No
0311,"Minor spill near break room refrigerator, cleaned promptly",0,Low,None,Break Room Activity,Break Room,Minor Hygiene Issue,None,No Injury,Synthetic,No
0312,Trench walls collapsed while worker was inside unsupported excavation,1,Critical,Excavation,Excavation Work,Pipeline Trench,Trench Collapse,No Shoring Installed,Burial/Suffocation,Synthetic,No
0313,Padlock and tag missing on isolated breaker during panel repair,1,Critical,Energy Isolation,Electrical Maintenance,Production Area,Electrical Energy,LOTO Not Applied,Electrocution,Synthetic,No
0314,Vessel cleaning started without a standby attendant at entry point,1,Critical,Confined Space,Vessel Cleaning,Process Unit,Inert Atmosphere,Attendant Not Present,Asphyxiation,Synthetic,No
0315,Crane hook block swung uncontrolled near working personnel,1,Critical,Line of Fire,Lifting Operations,Yard,Overhead Crane,Load Chart Exceeded,Structural Failure,Synthetic,No
0316,"Unlabeled bin found during safety walk, corrected on spot",0,Low,None,Inspection Round,Plant Area,Housekeeping,None,No Injury,Synthetic,No
0317,Employee reported minor back discomfort from office chair,0,Low,None,Office Work,Office,Ergonomic,None,Minor Discomfort,Synthetic,No
0318,Technician worked on live panel without lockout tagout,1,Critical,Energy Isolation,Electrical Maintenance,Production Area,Electrical Energy,LOTO Not Applied,Electrocution,Synthetic,No
0319,Heavy debris dropped near active work zone without exclusion barrier,1,Critical,Line of Fire,Demolition Work,Construction Site,Structural Instability,Engineering Review Skipped,Structural Collapse,Synthetic,No
0320,Small bruise reported after minor bump against equipment,0,Low,None,General Maintenance,Workshop,Minor Cut Hazard,None,First Aid Case,Synthetic,No
0321,Worker stood in line of fire while pressure testing pipeline,1,Critical,Energy Isolation,Pressure Testing,Process Unit,Pressurized System,Isolation Not Verified,Explosion/Rupture,Synthetic,No
0322,Minor dust accumulation observed on warehouse shelving,0,Low,None,Warehouse Operations,Warehouse,Stacked Material,Proper Stacking Missed,Minor Injury,Synthetic,No
0323,Monitor height adjustment requested for workstation comfort,0,Low,None,Office Work,Office,Ergonomic,None,Minor Discomfort,Synthetic,No
0324,Truck reversed without spotter near active work zone,1,Critical,Safe Driving,Vehicle Operation,Site Road,Moving Vehicle,Seatbelt Not Worn,Vehicle Collision,Synthetic,No
0325,Vehicle collided with pedestrian near site gate due to speeding,1,Critical,Safe Driving,Vehicle Operation,Site Road,Moving Vehicle,Seatbelt Not Worn,Vehicle Collision,Synthetic,No
0326,Vessel cleaning started without a standby attendant at entry point,1,Critical,Confined Space,Vessel Cleaning,Process Unit,Inert Atmosphere,Attendant Not Present,Asphyxiation,Synthetic,No
0327,Worker walked behind reversing dumper without eye contact with operator,1,Critical,Line of Fire,Mobile Equipment,Yard,Reversing Vehicle,Spotter Absent,Struck-By Injury,Synthetic,No
0328,Energized equipment opened for repair without isolation verification,1,Critical,Energy Isolation,Electrical Maintenance,Production Area,Electrical Energy,LOTO Not Applied,Electrocution,Synthetic,No
0329,Skylight opening left uncovered near active roof work area,1,Critical,Work at Height,Roof Work,Rooftop,Fragile Surface,No Fall Arrest System,Fall From Height,Synthetic,No
0330,Employee requested footrest for ergonomic improvement,0,Low,None,Office Work,Office,Ergonomic,None,Minor Discomfort,Synthetic,No
0331,Employee reported minor back discomfort from office chair,0,Low,None,Office Work,Office,Ergonomic,None,Minor Discomfort,Synthetic,No
0332,"Label missing on storage bin, corrected during audit",0,Low,None,Warehouse Operations,Warehouse,Stacked Material,Proper Stacking Missed,Minor Injury,Synthetic,No
0333,"Small water spill near pantry area, promptly cleaned",0,Low,None,Housekeeping,Office,Slip Hazard,None,Minor Injury,Synthetic,No
0334,Overloaded sling used during material lifting operation,1,Critical,Line of Fire,Lifting Operations,Yard,Overhead Crane,Load Chart Exceeded,Structural Failure,Synthetic,No
0335,"Minor spill near break room refrigerator, cleaned promptly",0,Low,None,Break Room Activity,Break Room,Minor Hygiene Issue,None,No Injury,Synthetic,No
0336,Minor signage fading observed during routine walkthrough,0,Low,None,Inspection Round,Plant Area,Housekeeping,None,No Injury,Synthetic,No
0337,"Minor labeling error found on stored material, corrected",0,Low,None,Store Room Activity,Store Room,Minor Clutter,None,No Injury,Synthetic,No
0338,Worker stood below suspended crane load during lifting operation,1,Critical,Line of Fire,Lifting Operations,Loading Area,Suspended Load,Exclusion Zone Breach,Fatal Crushing,Synthetic,No
0339,"Coffee machine leak observed in break room, reported for repair",0,Low,None,Break Room Activity,Break Room,Minor Hygiene Issue,None,No Injury,Synthetic,No
0340,Hot work carried out without fire watch present,1,Critical,Hot Work,Hot Work,Process Unit,Flammable Atmosphere,Gas Test Not Done,Fire/Explosion,Synthetic,No
0341,Personnel removed guardrail without fall protection in place,1,Critical,Work at Height,Working at Height,Scaffold Area,Fall Hazard,Harness Not Anchored,Fall From Height,Synthetic,No
0342,Worker climbed scaffold without securing safety harness,1,Critical,Work at Height,Working at Height,Scaffold Area,Fall Hazard,Harness Not Anchored,Fall From Height,Synthetic,No
0343,"Attendance register missing signature, corrected same day",0,Low,None,Training Session,Training Room,None,None,No Injury,Synthetic,No
0344,Forklift reversed without a spotter in congested yard area,1,Critical,Line of Fire,Mobile Equipment,Yard,Reversing Vehicle,Spotter Absent,Struck-By Injury,Synthetic,No
0345,Heavy debris dropped near active work zone without exclusion barrier,1,Critical,Line of Fire,Demolition Work,Construction Site,Structural Instability,Engineering Review Skipped,Structural Collapse,Synthetic,No
0346,Minor scheduling delay reported during safety training session,0,Low,None,Training Session,Training Room,None,None,No Injury,Synthetic,No
0347,"Vehicle parked slightly outside marked bay, corrected on observation",0,Low,None,Parking Area,Parking Lot,Minor Obstruction,None,No Injury,Synthetic,No
0348,Loose stationery observed on office desk,0,Low,None,Office Work,Office,Ergonomic,None,Minor Discomfort,Synthetic,No
0349,Driver did not wear seatbelt during transport on plant road,1,Critical,Safe Driving,Vehicle Operation,Site Road,Moving Vehicle,Seatbelt Not Worn,Vehicle Collision,Synthetic,No
0350,"Minor food spillage near canteen counter, cleaned promptly",0,Low,None,Housekeeping,Canteen,Wet Floor,Warning Sign Missing,Minor Slip,Synthetic,No
0351,"Floor mat displaced near canteen door, minor trip risk",0,Low,None,Housekeeping,Canteen,Wet Floor,Warning Sign Missing,Minor Slip,Synthetic,No
0352,Rigger positioned himself in line of fire while load was being hoisted,1,Critical,Line of Fire,Lifting Operations,Loading Area,Suspended Load,Exclusion Zone Breach,Fatal Crushing,Synthetic,No
0353,"Attendance register missing signature, corrected same day",0,Low,None,Training Session,Training Room,None,None,No Injury,Synthetic,No
0354,"Tag line not used, worker exposed under suspended load near loading bay",1,Critical,Line of Fire,Lifting Operations,Loading Area,Suspended Load,Exclusion Zone Breach,Fatal Crushing,Synthetic,No
0355,Minor scheduling delay reported during safety training session,0,Low,None,Training Session,Training Room,None,None,No Injury,Synthetic,No
0356,"Attendance register missing signature, corrected same day",0,Low,None,Training Session,Training Room,None,None,No Injury,Synthetic,No
0357,"Minor clutter observed near store room shelving, cleared promptly",0,Low,None,Store Room Activity,Store Room,Minor Clutter,None,No Injury,Synthetic,No
0358,Overloaded sling used during material lifting operation,1,Critical,Line of Fire,Lifting Operations,Yard,Overhead Crane,Load Chart Exceeded,Structural Failure,Synthetic,No
0359,Minor scheduling delay reported during safety training session,0,Low,None,Training Session,Training Room,None,None,No Injury,Synthetic,No
0360,Minor signage fading observed during routine walkthrough,0,Low,None,Inspection Round,Plant Area,Housekeeping,None,No Injury,Synthetic,No
0361,Hot work carried out without fire watch present,1,Critical,Hot Work,Hot Work,Process Unit,Flammable Atmosphere,Gas Test Not Done,Fire/Explosion,Synthetic,No
0362,Vessel cleaning started without a standby attendant at entry point,1,Critical,Confined Space,Vessel Cleaning,Process Unit,Inert Atmosphere,Attendant Not Present,Asphyxiation,Synthetic,No
0363,Demolition proceeded without structural stability assessment,1,Critical,Line of Fire,Demolition Work,Construction Site,Structural Instability,Engineering Review Skipped,Structural Collapse,Synthetic,No
0364,Crane hook block swung uncontrolled near working personnel,1,Critical,Line of Fire,Lifting Operations,Yard,Overhead Crane,Load Chart Exceeded,Structural Failure,Synthetic,No
0365,Machine guard removed while equipment was still running,1,Critical,Machine Guarding,Machine Operation,Workshop,Rotating Equipment,Guard Removed,Amputation,Synthetic,No
0366,"Minor clutter in break room seating area, tidied up",0,Low,None,Break Room Activity,Break Room,Minor Hygiene Issue,None,No Injury,Synthetic,No
0367,Small bruise reported after minor bump against equipment,0,Low,None,General Maintenance,Workshop,Minor Cut Hazard,None,First Aid Case,Synthetic,No
0368,"Minor spill near break room refrigerator, cleaned promptly",0,Low,None,Break Room Activity,Break Room,Minor Hygiene Issue,None,No Injury,Synthetic,No
0369,Worker pinched finger lightly while closing toolbox,0,Low,None,General Maintenance,Workshop,Minor Cut Hazard,None,First Aid Case,Synthetic,No
0370,Loose clothing caught near unguarded rotating shaft,1,Critical,Machine Guarding,Machine Operation,Workshop,Rotating Equipment,Guard Removed,Amputation,Synthetic,No
0371,Welding started near flammable material without hot work permit,1,Critical,Hot Work,Hot Work,Process Unit,Flammable Atmosphere,Gas Test Not Done,Fire/Explosion,Synthetic,No
0372,Worker climbed scaffold without securing safety harness,1,Critical,Work at Height,Working at Height,Scaffold Area,Fall Hazard,Harness Not Anchored,Fall From Height,Synthetic,No
0373,Paper waste bin overflowing near workstation,0,Low,None,Housekeeping,Office,Slip Hazard,None,Minor Injury,Synthetic,No
0374,Employee requested footrest for ergonomic improvement,0,Low,None,Office Work,Office,Ergonomic,None,Minor Discomfort,Synthetic,No
0375,"Speed bump sign found faded in parking lot, replaced",0,Low,None,Parking Area,Parking Lot,Minor Obstruction,None,No Injury,Synthetic,No
0376,"Projector malfunction reported during toolbox talk, resolved quickly",0,Low,None,Training Session,Training Room,None,None,No Injury,Synthetic,No
0377,"Projector malfunction reported during toolbox talk, resolved quickly",0,Low,None,Training Session,Training Room,None,None,No Injury,Synthetic,No
0378,"Minor labeling error found on stored material, corrected",0,Low,None,Store Room Activity,Store Room,Minor Clutter,None,No Injury,Synthetic,No
0379,Worker stood below suspended crane load during lifting operation,1,Critical,Line of Fire,Lifting Operations,Loading Area,Suspended Load,Exclusion Zone Breach,Fatal Crushing,Synthetic,No
0380,"Expired item found in store inventory, removed during check",0,Low,None,Store Room Activity,Store Room,Minor Clutter,None,No Injury,Synthetic,No
0381,Pressure test conducted without verifying line isolation,1,Critical,Energy Isolation,Pressure Testing,Process Unit,Pressurized System,Isolation Not Verified,Explosion/Rupture,Synthetic,No
0382,Minor scheduling delay reported during safety training session,0,Low,None,Training Session,Training Room,None,None,No Injury,Synthetic,No
0383,Cutting torch used near open flammable liquid without isolation,1,Critical,Hot Work,Hot Work,Process Unit,Flammable Atmosphere,Gas Test Not Done,Fire/Explosion,Synthetic,No
0384,Worker stood in line of fire while pressure testing pipeline,1,Critical,Energy Isolation,Pressure Testing,Process Unit,Pressurized System,Isolation Not Verified,Explosion/Rupture,Synthetic,No
0385,Minor housekeeping issue near office entrance,0,Low,None,Housekeeping,Office,Slip Hazard,None,Minor Injury,Synthetic,No
0386,Monitor height adjustment requested for workstation comfort,0,Low,None,Office Work,Office,Ergonomic,None,Minor Discomfort,Synthetic,No
0387,"Vehicle parked slightly outside marked bay, corrected on observation",0,Low,None,Parking Area,Parking Lot,Minor Obstruction,None,No Injury,Synthetic,No
0388,Marine work continued despite deteriorating weather conditions,1,Critical,Line of Fire,Diving/Marine Operations,Offshore Site,Underwater Hazard,Communication Loss,Drowning,Synthetic,No
0389,"Worker sustained minor cut while handling tools, first aid given",0,Low,None,General Maintenance,Workshop,Minor Cut Hazard,None,First Aid Case,Synthetic,No
0390,"Minor clutter in break room seating area, tidied up",0,Low,None,Break Room Activity,Break Room,Minor Hygiene Issue,None,No Injury,Synthetic,No
0391,Loose stationery observed on office desk,0,Low,None,Office Work,Office,Ergonomic,None,Minor Discomfort,Synthetic,No
0392,Worker positioned under partially demolished structure during work,1,Critical,Line of Fire,Demolition Work,Construction Site,Structural Instability,Engineering Review Skipped,Structural Collapse,Synthetic,No
0393,Small bruise reported after minor bump against equipment,0,Low,None,General Maintenance,Workshop,Minor Cut Hazard,None,First Aid Case,Synthetic,No
0394,Hot work permit expired but welding continued in process area,1,Critical,Hot Work,Hot Work,Process Unit,Flammable Atmosphere,Gas Test Not Done,Fire/Explosion,Synthetic,No
0395,Employee reported minor splinter while handling wooden pallet,0,Low,None,General Maintenance,Workshop,Minor Cut Hazard,None,First Aid Case,Synthetic,No
0396,"Minor food spillage near canteen counter, cleaned promptly",0,Low,None,Housekeeping,Canteen,Wet Floor,Warning Sign Missing,Minor Slip,Synthetic,No
0397,Marine work continued despite deteriorating weather conditions,1,Critical,Line of Fire,Diving/Marine Operations,Offshore Site,Underwater Hazard,Communication Loss,Drowning,Synthetic,No
0398,Vehicle exceeded site speed limit near pedestrian crossing,1,Critical,Safe Driving,Vehicle Operation,Site Road,Moving Vehicle,Seatbelt Not Worn,Vehicle Collision,Synthetic,No
0399,Minor documentation gap noted during routine audit,0,Low,None,Inspection Round,Plant Area,Housekeeping,None,No Injury,Synthetic,No
0400,Worker entered nitrogen-purged vessel without gas test clearance,1,Critical,Confined Space,Vessel Cleaning,Process Unit,Inert Atmosphere,Attendant Not Present,Asphyxiation,Synthetic,No
0401,Driver showed signs of fatigue during long haul transport run,1,Critical,Safe Driving,Vehicle Operation,Site Road,Moving Vehicle,Seatbelt Not Worn,Vehicle Collision,Synthetic,No
0402,Worker reached into moving conveyor without lockout,1,Critical,Machine Guarding,Machine Operation,Workshop,Rotating Equipment,Guard Removed,Amputation,Synthetic,No
0403,"Wet floor in canteen without warning sign, corrected quickly",0,Low,None,Housekeeping,Canteen,Wet Floor,Warning Sign Missing,Minor Slip,Synthetic,No
0404,Paper waste bin overflowing near workstation,0,Low,None,Housekeeping,Office,Slip Hazard,None,Minor Injury,Synthetic,No
0405,"Minor labeling error found on stored material, corrected",0,Low,None,Store Room Activity,Store Room,Minor Clutter,None,No Injury,Synthetic,No
0406,Monitor height adjustment requested for workstation comfort,0,Low,None,Office Work,Office,Ergonomic,None,Minor Discomfort,Synthetic,No
0407,"Attendance register missing signature, corrected same day",0,Low,None,Training Session,Training Room,None,None,No Injury,Synthetic,No
0408,"Minor food spillage near canteen counter, cleaned promptly",0,Low,None,Housekeeping,Canteen,Wet Floor,Warning Sign Missing,Minor Slip,Synthetic,No
0409,"Minor spill near break room refrigerator, cleaned promptly",0,Low,None,Break Room Activity,Break Room,Minor Hygiene Issue,None,No Injury,Synthetic,No
0410,Energized equipment opened for repair without isolation verification,1,Critical,Energy Isolation,Electrical Maintenance,Production Area,Electrical Energy,LOTO Not Applied,Electrocution,Synthetic,No
0411,Load lifted without verifying rigging certification,1,Critical,Line of Fire,Lifting Operations,Yard,Overhead Crane,Load Chart Exceeded,Structural Failure,Synthetic,No
0412,"Floor mat displaced near canteen door, minor trip risk",0,Low,None,Housekeeping,Canteen,Wet Floor,Warning Sign Missing,Minor Slip,Synthetic,No
0413,"Minor clutter in break room seating area, tidied up",0,Low,None,Break Room Activity,Break Room,Minor Hygiene Issue,None,No Injury,Synthetic,No
0414,Paper waste bin overflowing near workstation,0,Low,None,Housekeeping,Office,Slip Hazard,None,Minor Injury,Synthetic,No
0415,Employee entered vessel before oxygen levels were verified,1,Critical,Confined Space,Tank Entry,Tank Farm,Toxic Atmosphere,Gas Testing Skipped,Asphyxiation,Synthetic,No
0416,"Projector malfunction reported during toolbox talk, resolved quickly",0,Low,None,Training Session,Training Room,None,None,No Injury,Synthetic,No
0417,Loose stationery observed on office desk,0,Low,None,Housekeeping,Office,Slip Hazard,None,Minor Injury,Synthetic,No
0418,"Minor clutter in break room seating area, tidied up",0,Low,None,Break Room Activity,Break Room,Minor Hygiene Issue,None,No Injury,Synthetic,No
0419,Crane operator lifted load exceeding rated capacity,1,Critical,Line of Fire,Lifting Operations,Yard,Overhead Crane,Load Chart Exceeded,Structural Failure,Synthetic,No
0420,"Wet floor in canteen without warning sign, corrected quickly",0,Low,None,Housekeeping,Canteen,Wet Floor,Warning Sign Missing,Minor Slip,Synthetic,No
0421,"Vehicle parked slightly outside marked bay, corrected on observation",0,Low,None,Parking Area,Parking Lot,Minor Obstruction,None,No Injury,Synthetic,No
0422,Worker walked behind reversing dumper without eye contact with operator,1,Critical,Line of Fire,Mobile Equipment,Yard,Reversing Vehicle,Spotter Absent,Struck-By Injury,Synthetic,No
0423,Hot work permit expired but welding continued in process area,1,Critical,Hot Work,Hot Work,Process Unit,Flammable Atmosphere,Gas Test Not Done,Fire/Explosion,Synthetic,No
0424,Small bruise reported after minor bump against equipment,0,Low,None,General Maintenance,Workshop,Minor Cut Hazard,None,First Aid Case,Synthetic,No
0425,Skylight opening left uncovered near active roof work area,1,Critical,Work at Height,Roof Work,Rooftop,Fragile Surface,No Fall Arrest System,Fall From Height,Synthetic,No
0426,Substation cable tested without confirming de-energization,1,Critical,Energy Isolation,Electrical Maintenance,Substation,High Voltage Line,Isolation Point Skipped,Electrocution,Synthetic,No
0427,"Minor food spillage near canteen counter, cleaned promptly",0,Low,None,Housekeeping,Canteen,Wet Floor,Warning Sign Missing,Minor Slip,Synthetic,No
0428,Minor housekeeping issue near office entrance,0,Low,None,Housekeeping,Office,Slip Hazard,None,Minor Injury,Synthetic,No
0429,"Minor pothole noted in parking area, reported for repair",0,Low,None,Parking Area,Parking Lot,Minor Obstruction,None,No Injury,Synthetic,No
0430,"Coffee machine leak observed in break room, reported for repair",0,Low,None,Break Room Activity,Break Room,Minor Hygiene Issue,None,No Injury,Synthetic,No
0431,"Speed bump sign found faded in parking lot, replaced",0,Low,None,Parking Area,Parking Lot,Minor Obstruction,None,No Injury,Synthetic,No
0432,"Worker sustained minor cut while handling tools, first aid given",0,Low,None,General Maintenance,Workshop,Minor Cut Hazard,None,First Aid Case,Synthetic,No
0433,"Tag line not used, worker exposed under suspended load near loading bay",1,Critical,Line of Fire,Lifting Operations,Loading Area,Suspended Load,Exclusion Zone Breach,Fatal Crushing,Synthetic,No
0434,Vessel cleaning started without a standby attendant at entry point,1,Critical,Confined Space,Vessel Cleaning,Process Unit,Inert Atmosphere,Attendant Not Present,Asphyxiation,Synthetic,No
0435,Employee reported minor back discomfort from office chair,0,Low,None,Office Work,Office,Ergonomic,None,Minor Discomfort,Synthetic,No
0436,"Minor material spillage in warehouse aisle, cleaned immediately",0,Low,None,Warehouse Operations,Warehouse,Stacked Material,Proper Stacking Missed,Minor Injury,Synthetic,No
0437,Worker fell overboard without personal flotation device worn,1,Critical,Line of Fire,Diving/Marine Operations,Offshore Site,Underwater Hazard,Communication Loss,Drowning,Synthetic,No
0438,"Attendance register missing signature, corrected same day",0,Low,None,Training Session,Training Room,None,None,No Injury,Synthetic,No
0439,Forklift reversed without a spotter in congested yard area,1,Critical,Line of Fire,Mobile Equipment,Yard,Reversing Vehicle,Spotter Absent,Struck-By Injury,Synthetic,No
0440,Crane hook block swung uncontrolled near working personnel,1,Critical,Line of Fire,Lifting Operations,Yard,Overhead Crane,Load Chart Exceeded,Structural Failure,Synthetic,No
0441,"Cable lying on office floor, minor trip hazard noted",0,Low,None,Housekeeping,Office,Slip Hazard,None,Minor Injury,Synthetic,No
0442,"Minor clutter observed near store room shelving, cleared promptly",0,Low,None,Store Room Activity,Store Room,Minor Clutter,None,No Injury,Synthetic,No
0443,"Minor clutter observed near store room shelving, cleared promptly",0,Low,None,Store Room Activity,Store Room,Minor Clutter,None,No Injury,Synthetic,No
0444,Jumper cable connected to line assumed dead without verification,1,Critical,Energy Isolation,Electrical Maintenance,Substation,High Voltage Line,Isolation Point Skipped,Electrocution,Synthetic,No
0445,Crane operator lifted load exceeding rated capacity,1,Critical,Line of Fire,Lifting Operations,Yard,Overhead Crane,Load Chart Exceeded,Structural Failure,Synthetic,No
0446,Driver showed signs of fatigue during long haul transport run,1,Critical,Safe Driving,Vehicle Operation,Site Road,Moving Vehicle,Seatbelt Not Worn,Vehicle Collision,Synthetic,No
0447,"Chemical drum overfilled during transfer, causing splash exposure",1,Critical,Chemical Handling,Chemical Handling,Chemical Storage,Corrosive Substance,PPE Not Worn,Chemical Burn,Synthetic,No
0448,Minor slip near canteen entrance due to spilled water,0,Low,None,Housekeeping,Canteen,Wet Floor,Warning Sign Missing,Minor Slip,Synthetic,No
0449,Diver lost communication with surface team during subsea operation,1,Critical,Line of Fire,Diving/Marine Operations,Offshore Site,Underwater Hazard,Communication Loss,Drowning,Synthetic,No
0450,Skylight opening left uncovered near active roof work area,1,Critical,Work at Height,Roof Work,Rooftop,Fragile Surface,No Fall Arrest System,Fall From Height,Synthetic,No
0451,Confined space permit expired but work continued inside tank,1,Critical,Confined Space,Vessel Cleaning,Process Unit,Inert Atmosphere,Attendant Not Present,Asphyxiation,Synthetic,No
0452,"Label missing on storage bin, corrected during audit",0,Low,None,Warehouse Operations,Warehouse,Stacked Material,Proper Stacking Missed,Minor Injury,Synthetic,No
0453,Roof access made without anchor point for fall arrest harness,1,Critical,Work at Height,Roof Work,Rooftop,Fragile Surface,No Fall Arrest System,Fall From Height,Synthetic,No
0454,"Minor pothole noted in parking area, reported for repair",0,Low,None,Parking Area,Parking Lot,Minor Obstruction,None,No Injury,Synthetic,No
0455,"Speed bump sign found faded in parking lot, replaced",0,Low,None,Parking Area,Parking Lot,Minor Obstruction,None,No Injury,Synthetic,No
0456,"Tag line not used, worker exposed under suspended load near loading bay",1,Critical,Line of Fire,Lifting Operations,Loading Area,Suspended Load,Exclusion Zone Breach,Fatal Crushing,Synthetic,No
0457,Minor dust accumulation observed on warehouse shelving,0,Low,None,Warehouse Operations,Warehouse,Stacked Material,Proper Stacking Missed,Minor Injury,Synthetic,No
0458,"Label missing on storage bin, corrected during audit",0,Low,None,Warehouse Operations,Warehouse,Stacked Material,Proper Stacking Missed,Minor Injury,Synthetic,No
0459,Minor eye strain reported after prolonged screen use,0,Low,None,Office Work,Office,Ergonomic,None,Minor Discomfort,Synthetic,No
0460,"Worker sustained minor cut while handling tools, first aid given",0,Low,None,General Maintenance,Workshop,Minor Cut Hazard,None,First Aid Case,Synthetic,No
0461,Worker contacted overhead power line while operating boom lift nearby,1,Critical,Energy Isolation,Electrical Maintenance,Substation,High Voltage Line,Isolation Point Skipped,Electrocution,Synthetic,No
0462,"Unlabeled bin found during safety walk, corrected on spot",0,Low,None,Inspection Round,Plant Area,Housekeeping,None,No Injury,Synthetic,No
0463,Minor housekeeping issue near office entrance,0,Low,None,Housekeeping,Office,Slip Hazard,None,Minor Injury,Synthetic,No
0464,Crane operator lifted load exceeding rated capacity,1,Critical,Line of Fire,Lifting Operations,Yard,Overhead Crane,Load Chart Exceeded,Structural Failure,Synthetic,No
0465,Minor eye strain reported after prolonged screen use,0,Low,None,Office Work,Office,Ergonomic,None,Minor Discomfort,Synthetic,No
0466,Minor dust accumulation observed on warehouse shelving,0,Low,None,Warehouse Operations,Warehouse,Stacked Material,Proper Stacking Missed,Minor Injury,Synthetic,No
0467,Employee requested footrest for ergonomic improvement,0,Low,None,Office Work,Office,Ergonomic,None,Minor Discomfort,Synthetic,No
0468,Employee working at height with harness lanyard unattached,1,Critical,Work at Height,Working at Height,Scaffold Area,Fall Hazard,Harness Not Anchored,Fall From Height,Synthetic,No
0469,Crane operator lifted load exceeding rated capacity,1,Critical,Line of Fire,Lifting Operations,Yard,Overhead Crane,Load Chart Exceeded,Structural Failure,Synthetic,No
0470,"Minor food spillage near canteen counter, cleaned promptly",0,Low,None,Housekeeping,Canteen,Wet Floor,Warning Sign Missing,Minor Slip,Synthetic,No
0471,Worker contacted overhead power line while operating boom lift nearby,1,Critical,Energy Isolation,Electrical Maintenance,Substation,High Voltage Line,Isolation Point Skipped,Electrocution,Synthetic,No
0472,Employee working inside trench without spoil pile setback,1,Critical,Excavation,Excavation Work,Pipeline Trench,Trench Collapse,No Shoring Installed,Burial/Suffocation,Synthetic,No
0473,Rigger positioned himself in line of fire while load was being hoisted,1,Critical,Line of Fire,Lifting Operations,Loading Area,Suspended Load,Exclusion Zone Breach,Fatal Crushing,Synthetic,No
0474,Forklift reversed without a spotter in congested yard area,1,Critical,Line of Fire,Mobile Equipment,Yard,Reversing Vehicle,Spotter Absent,Struck-By Injury,Synthetic,No
0475,Minor documentation gap noted during routine audit,0,Low,None,Inspection Round,Plant Area,Housekeeping,None,No Injury,Synthetic,No
0476,"Minor clutter in break room seating area, tidied up",0,Low,None,Break Room Activity,Break Room,Minor Hygiene Issue,None,No Injury,Synthetic,No
0477,"Wet floor in canteen without warning sign, corrected quickly",0,Low,None,Housekeeping,Canteen,Wet Floor,Warning Sign Missing,Minor Slip,Synthetic,No
0478,"Cable lying on office floor, minor trip hazard noted",0,Low,None,Housekeeping,Office,Slip Hazard,None,Minor Injury,Synthetic,No
0479,Monitor height adjustment requested for workstation comfort,0,Low,None,Office Work,Office,Ergonomic,None,Minor Discomfort,Synthetic,No
0480,"Chair wheel slightly loose, reported for maintenance",0,Low,None,Housekeeping,Office,Slip Hazard,None,Minor Injury,Synthetic,No
0481,Minor eye strain reported after prolonged screen use,0,Low,None,Office Work,Office,Ergonomic,None,Minor Discomfort,Synthetic,No
0482,"Minor scrape while unpacking material crate, first aid applied",0,Low,None,General Maintenance,Workshop,Minor Cut Hazard,None,First Aid Case,Synthetic,No
0483,Personnel removed guardrail without fall protection in place,1,Critical,Work at Height,Working at Height,Scaffold Area,Fall Hazard,Harness Not Anchored,Fall From Height,Synthetic,No
0484,Minor housekeeping issue near office entrance,0,Low,None,Housekeeping,Office,Slip Hazard,None,Minor Injury,Synthetic,No
0485,Jumper cable connected to line assumed dead without verification,1,Critical,Energy Isolation,Electrical Maintenance,Substation,High Voltage Line,Isolation Point Skipped,Electrocution,Synthetic,No
0486,"Minor scrape while unpacking material crate, first aid applied",0,Low,None,General Maintenance,Workshop,Minor Cut Hazard,None,First Aid Case,Synthetic,No
0487,"Minor pothole noted in parking area, reported for repair",0,Low,None,Parking Area,Parking Lot,Minor Obstruction,None,No Injury,Synthetic,No
0488,Employee reported minor splinter while handling wooden pallet,0,Low,None,General Maintenance,Workshop,Minor Cut Hazard,None,First Aid Case,Synthetic,No
0489,"Label missing on storage bin, corrected during audit",0,Low,None,Warehouse Operations,Warehouse,Stacked Material,Proper Stacking Missed,Minor Injury,Synthetic,No
0490,Energized equipment opened for repair without isolation verification,1,Critical,Energy Isolation,Electrical Maintenance,Production Area,Electrical Energy,LOTO Not Applied,Electrocution,Synthetic,No
0491,"Vehicle parked slightly outside marked bay, corrected on observation",0,Low,None,Parking Area,Parking Lot,Minor Obstruction,None,No Injury,Synthetic,No
0492,"Routine inspection found minor housekeeping gap, closed same day",0,Low,None,Inspection Round,Plant Area,Housekeeping,None,No Injury,Synthetic,No
0493,Machine guard removed while equipment was still running,1,Critical,Machine Guarding,Machine Operation,Workshop,Rotating Equipment,Guard Removed,Amputation,Synthetic,No
0494,Rigger positioned himself in line of fire while load was being hoisted,1,Critical,Line of Fire,Lifting Operations,Loading Area,Suspended Load,Exclusion Zone Breach,Fatal Crushing,Synthetic,No
0495,Driver did not wear seatbelt during transport on plant road,1,Critical,Safe Driving,Vehicle Operation,Site Road,Moving Vehicle,Seatbelt Not Worn,Vehicle Collision,Synthetic,No
0496,"Vehicle parked slightly outside marked bay, corrected on observation",0,Low,None,Parking Area,Parking Lot,Minor Obstruction,None,No Injury,Synthetic,No
0497,Roof access made without anchor point for fall arrest harness,1,Critical,Work at Height,Roof Work,Rooftop,Fragile Surface,No Fall Arrest System,Fall From Height,Synthetic,No
0498,Load lifted without verifying rigging certification,1,Critical,Line of Fire,Lifting Operations,Yard,Overhead Crane,Load Chart Exceeded,Structural Failure,Synthetic,No
0499,"Vehicle parked slightly outside marked bay, corrected on observation",0,Low,None,Parking Area,Parking Lot,Minor Obstruction,None,No Injury,Synthetic,No
0500,"Minor labeling error found on stored material, corrected",0,Low,None,Store Room Activity,Store Room,Minor Clutter,None,No Injury,Synthetic,No
0501,"Unlabeled bin found during safety walk, corrected on spot",0,Low,None,Inspection Round,Plant Area,Housekeeping,None,No Injury,Synthetic,No
0502,Minor slip near canteen entrance due to spilled water,0,Low,None,Housekeeping,Canteen,Wet Floor,Warning Sign Missing,Minor Slip,Synthetic,No
0503,Worker stood in line of fire while pressure testing pipeline,1,Critical,Energy Isolation,Pressure Testing,Process Unit,Pressurized System,Isolation Not Verified,Explosion/Rupture,Synthetic,No
0504,Minor dust accumulation observed on warehouse shelving,0,Low,None,Warehouse Operations,Warehouse,Stacked Material,Proper Stacking Missed,Minor Injury,Synthetic,No
0505,Worker walked behind reversing dumper without eye contact with operator,1,Critical,Line of Fire,Mobile Equipment,Yard,Reversing Vehicle,Spotter Absent,Struck-By Injury,Synthetic,No
0506,"Minor spill near break room refrigerator, cleaned promptly",0,Low,None,Break Room Activity,Break Room,Minor Hygiene Issue,None,No Injury,Synthetic,No
0507,"Pallet placed close to walkway, minor obstruction noted",0,Low,None,Warehouse Operations,Warehouse,Stacked Material,Proper Stacking Missed,Minor Injury,Synthetic,No
0508,"Unlabeled bin found during safety walk, corrected on spot",0,Low,None,Inspection Round,Plant Area,Housekeeping,None,No Injury,Synthetic,No
0509,Personnel removed guardrail without fall protection in place,1,Critical,Work at Height,Working at Height,Scaffold Area,Fall Hazard,Harness Not Anchored,Fall From Height,Synthetic,No
0510,Loose stationery observed on office desk,0,Low,None,Office Work,Office,Ergonomic,None,Minor Discomfort,Synthetic,No
0511,Loose stationery observed on office desk,0,Low,None,Office Work,Office,Ergonomic,None,Minor Discomfort,Synthetic,No
0512,Employee entered vessel before oxygen levels were verified,1,Critical,Confined Space,Tank Entry,Tank Farm,Toxic Atmosphere,Gas Testing Skipped,Asphyxiation,Synthetic,No
0513,"Projector malfunction reported during toolbox talk, resolved quickly",0,Low,None,Training Session,Training Room,None,None,No Injury,Synthetic,No
0514,Jumper cable connected to line assumed dead without verification,1,Critical,Energy Isolation,Electrical Maintenance,Substation,High Voltage Line,Isolation Point Skipped,Electrocution,Synthetic,No
0515,Interlock switch bypassed to keep production running during jam clearance,1,Critical,Machine Guarding,Machine Operation,Workshop,Rotating Equipment,Guard Removed,Amputation,Synthetic,No
0516,Interlock switch bypassed to keep production running during jam clearance,1,Critical,Machine Guarding,Machine Operation,Workshop,Rotating Equipment,Guard Removed,Amputation,Synthetic,No
0517,"Speed bump sign found faded in parking lot, replaced",0,Low,None,Parking Area,Parking Lot,Minor Obstruction,None,No Injury,Synthetic,No
0518,Personnel walked under load being lifted by mobile crane,1,Critical,Line of Fire,Lifting Operations,Loading Area,Suspended Load,Exclusion Zone Breach,Fatal Crushing,Synthetic,No
0519,Machine guard removed while equipment was still running,1,Critical,Machine Guarding,Machine Operation,Workshop,Rotating Equipment,Guard Removed,Amputation,Synthetic,No
0520,"Attendance register missing signature, corrected same day",0,Low,None,Training Session,Training Room,None,None,No Injury,Synthetic,No
0521,Minor scheduling delay reported during safety training session,0,Low,None,Training Session,Training Room,None,None,No Injury,Synthetic,No
0522,"Minor spill near break room refrigerator, cleaned promptly",0,Low,None,Break Room Activity,Break Room,Minor Hygiene Issue,None,No Injury,Synthetic,No
0523,Employee requested footrest for ergonomic improvement,0,Low,None,Office Work,Office,Ergonomic,None,Minor Discomfort,Synthetic,No
0524,Driver showed signs of fatigue during long haul transport run,1,Critical,Safe Driving,Vehicle Operation,Site Road,Moving Vehicle,Seatbelt Not Worn,Vehicle Collision,Synthetic,No
0525,Minor scheduling delay reported during safety training session,0,Low,None,Training Session,Training Room,None,None,No Injury,Synthetic,No
0526,Employee reported minor splinter while handling wooden pallet,0,Low,None,General Maintenance,Workshop,Minor Cut Hazard,None,First Aid Case,Synthetic,No
0527,"Expired item found in store inventory, removed during check",0,Low,None,Store Room Activity,Store Room,Minor Clutter,None,No Injury,Synthetic,No
0528,"Chemical drum overfilled during transfer, causing splash exposure",1,Critical,Chemical Handling,Chemical Handling,Chemical Storage,Corrosive Substance,PPE Not Worn,Chemical Burn,Synthetic,No
0529,Employee reported minor splinter while handling wooden pallet,0,Low,None,General Maintenance,Workshop,Minor Cut Hazard,None,First Aid Case,Synthetic,No
0530,"Projector malfunction reported during toolbox talk, resolved quickly",0,Low,None,Training Session,Training Room,None,None,No Injury,Synthetic,No
0531,Employee reported minor back discomfort from office chair,0,Low,None,Office Work,Office,Ergonomic,None,Minor Discomfort,Synthetic,No
0532,Employee working at height with harness lanyard unattached,1,Critical,Work at Height,Working at Height,Scaffold Area,Fall Hazard,Harness Not Anchored,Fall From Height,Synthetic,No
0533,Minor dust accumulation observed on warehouse shelving,0,Low,None,Warehouse Operations,Warehouse,Stacked Material,Proper Stacking Missed,Minor Injury,Synthetic,No
0534,Worker stood in line of fire while pressure testing pipeline,1,Critical,Energy Isolation,Pressure Testing,Process Unit,Pressurized System,Isolation Not Verified,Explosion/Rupture,Synthetic,No
0535,Heavy debris dropped near active work zone without exclusion barrier,1,Critical,Line of Fire,Demolition Work,Construction Site,Structural Instability,Engineering Review Skipped,Structural Collapse,Synthetic,No
0536,Hot work permit expired but welding continued in process area,1,Critical,Hot Work,Hot Work,Process Unit,Flammable Atmosphere,Gas Test Not Done,Fire/Explosion,Synthetic,No
0537,Pressure test conducted without verifying line isolation,1,Critical,Energy Isolation,Pressure Testing,Process Unit,Pressurized System,Isolation Not Verified,Explosion/Rupture,Synthetic,No
0538,"Minor scrape while unpacking material crate, first aid applied",0,Low,None,General Maintenance,Workshop,Minor Cut Hazard,None,First Aid Case,Synthetic,No
0539,Minor eye strain reported after prolonged screen use,0,Low,None,Office Work,Office,Ergonomic,None,Minor Discomfort,Synthetic,No
0540,Load lifted without verifying rigging certification,1,Critical,Line of Fire,Lifting Operations,Yard,Overhead Crane,Load Chart Exceeded,Structural Failure,Synthetic,No
0541,Machine guard removed while equipment was still running,1,Critical,Machine Guarding,Machine Operation,Workshop,Rotating Equipment,Guard Removed,Amputation,Synthetic,No
0542,Incompatible chemicals stored together causing reactive spill risk,1,Critical,Chemical Handling,Chemical Handling,Chemical Storage,Corrosive Substance,PPE Not Worn,Chemical Burn,Synthetic,No
0543,Minor signage fading observed during routine walkthrough,0,Low,None,Inspection Round,Plant Area,Housekeeping,None,No Injury,Synthetic,No
0544,Roof access made without anchor point for fall arrest harness,1,Critical,Work at Height,Roof Work,Rooftop,Fragile Surface,No Fall Arrest System,Fall From Height,Synthetic,No
0545,"Vehicle parked slightly outside marked bay, corrected on observation",0,Low,None,Parking Area,Parking Lot,Minor Obstruction,None,No Injury,Synthetic,No
0546,"Projector malfunction reported during toolbox talk, resolved quickly",0,Low,None,Training Session,Training Room,None,None,No Injury,Synthetic,No
0547,Worker entered tank without atmospheric gas testing,1,Critical,Confined Space,Tank Entry,Tank Farm,Toxic Atmosphere,Gas Testing Skipped,Asphyxiation,Synthetic,No
0548,"Label missing on storage bin, corrected during audit",0,Low,None,Warehouse Operations,Warehouse,Stacked Material,Proper Stacking Missed,Minor Injury,Synthetic,No
0549,"Minor material spillage in warehouse aisle, cleaned immediately",0,Low,None,Warehouse Operations,Warehouse,Stacked Material,Proper Stacking Missed,Minor Injury,Synthetic,No
0550,Incompatible chemicals stored together causing reactive spill risk,1,Critical,Chemical Handling,Chemical Handling,Chemical Storage,Corrosive Substance,PPE Not Worn,Chemical Burn,Synthetic,No
0551,"Speed bump sign found faded in parking lot, replaced",0,Low,None,Parking Area,Parking Lot,Minor Obstruction,None,No Injury,Synthetic,No
0552,Worker positioned under partially demolished structure during work,1,Critical,Line of Fire,Demolition Work,Construction Site,Structural Instability,Engineering Review Skipped,Structural Collapse,Synthetic,No
0553,"Pallet placed close to walkway, minor obstruction noted",0,Low,None,Warehouse Operations,Warehouse,Stacked Material,Proper Stacking Missed,Minor Injury,Synthetic,No
0554,"Minor food spillage near canteen counter, cleaned promptly",0,Low,None,Housekeeping,Canteen,Wet Floor,Warning Sign Missing,Minor Slip,Synthetic,No
0555,"Minor clutter observed near store room shelving, cleared promptly",0,Low,None,Store Room Activity,Store Room,Minor Clutter,None,No Injury,Synthetic,No
0556,"Floor mat displaced near canteen door, minor trip risk",0,Low,None,Housekeeping,Canteen,Wet Floor,Warning Sign Missing,Minor Slip,Synthetic,No
0557,Loader operated near pedestrian walkway without horn warning,1,Critical,Line of Fire,Mobile Equipment,Yard,Reversing Vehicle,Spotter Absent,Struck-By Injury,Synthetic,No
0558,"Attendance register missing signature, corrected same day",0,Low,None,Training Session,Training Room,None,None,No Injury,Synthetic,No
0559,"Unlabeled bin found during safety walk, corrected on spot",0,Low,None,Inspection Round,Plant Area,Housekeeping,None,No Injury,Synthetic,No
0560,Minor scheduling delay reported during safety training session,0,Low,None,Training Session,Training Room,None,None,No Injury,Synthetic,No
0561,Excavation work carried out without protective shoring system,1,Critical,Excavation,Excavation Work,Pipeline Trench,Trench Collapse,No Shoring Installed,Burial/Suffocation,Synthetic,No
0562,Minor signage fading observed during routine walkthrough,0,Low,None,Inspection Round,Plant Area,Housekeeping,None,No Injury,Synthetic,No
0563,Personnel walked under load being lifted by mobile crane,1,Critical,Line of Fire,Lifting Operations,Loading Area,Suspended Load,Exclusion Zone Breach,Fatal Crushing,Synthetic,No
0564,"Floor mat displaced near canteen door, minor trip risk",0,Low,None,Housekeeping,Canteen,Wet Floor,Warning Sign Missing,Minor Slip,Synthetic,No
0565,"Minor spill near break room refrigerator, cleaned promptly",0,Low,None,Break Room Activity,Break Room,Minor Hygiene Issue,None,No Injury,Synthetic,No
0566,"Minor scrape while unpacking material crate, first aid applied",0,Low,None,General Maintenance,Workshop,Minor Cut Hazard,None,First Aid Case,Synthetic,No
0567,Confined space entry made without permit or gas monitoring,1,Critical,Confined Space,Tank Entry,Tank Farm,Toxic Atmosphere,Gas Testing Skipped,Asphyxiation,Synthetic,No
0568,"Vehicle parked slightly outside marked bay, corrected on observation",0,Low,None,Parking Area,Parking Lot,Minor Obstruction,None,No Injury,Synthetic,No
0569,"Minor spill near break room refrigerator, cleaned promptly",0,Low,None,Break Room Activity,Break Room,Minor Hygiene Issue,None,No Injury,Synthetic,No
0570,"Speed bump sign found faded in parking lot, replaced",0,Low,None,Parking Area,Parking Lot,Minor Obstruction,None,No Injury,Synthetic,No
0571,"Label missing on storage bin, corrected during audit",0,Low,None,Warehouse Operations,Warehouse,Stacked Material,Proper Stacking Missed,Minor Injury,Synthetic,No
0572,"Vehicle parked slightly outside marked bay, corrected on observation",0,Low,None,Parking Area,Parking Lot,Minor Obstruction,None,No Injury,Synthetic,No
0573,"Minor labeling error found on stored material, corrected",0,Low,None,Store Room Activity,Store Room,Minor Clutter,None,No Injury,Synthetic,No
0574,"Vehicle parked slightly outside marked bay, corrected on observation",0,Low,None,Parking Area,Parking Lot,Minor Obstruction,None,No Injury,Synthetic,No
0575,Worker walked on fragile roof sheet without crawling boards,1,Critical,Work at Height,Roof Work,Rooftop,Fragile Surface,No Fall Arrest System,Fall From Height,Synthetic,No
0576,"Vehicle parked slightly outside marked bay, corrected on observation",0,Low,None,Parking Area,Parking Lot,Minor Obstruction,None,No Injury,Synthetic,No
0577,"Minor scrape while unpacking material crate, first aid applied",0,Low,None,General Maintenance,Workshop,Minor Cut Hazard,None,First Aid Case,Synthetic,No
0578,Confined space permit expired but work continued inside tank,1,Critical,Confined Space,Vessel Cleaning,Process Unit,Inert Atmosphere,Attendant Not Present,Asphyxiation,Synthetic,No
0579,Loose stationery observed on office desk,0,Low,None,Housekeeping,Office,Slip Hazard,None,Minor Injury,Synthetic,No
0580,"Minor labeling error found on stored material, corrected",0,Low,None,Store Room Activity,Store Room,Minor Clutter,None,No Injury,Synthetic,No
0581,"Minor food spillage near canteen counter, cleaned promptly",0,Low,None,Housekeeping,Canteen,Wet Floor,Warning Sign Missing,Minor Slip,Synthetic,No
0582,Worker handled corrosive chemical without proper PPE,1,Critical,Chemical Handling,Chemical Handling,Chemical Storage,Corrosive Substance,PPE Not Worn,Chemical Burn,Synthetic,No
0583,Sparks from grinding ignited nearby oily rags in work area,1,Critical,Hot Work,Hot Work,Process Unit,Flammable Atmosphere,Gas Test Not Done,Fire/Explosion,Synthetic,No
0584,"Chair wheel slightly loose, reported for maintenance",0,Low,None,Housekeeping,Office,Slip Hazard,None,Minor Injury,Synthetic,No
0585,Worker entered unshored trench deeper than 1.5 meters,1,Critical,Excavation,Excavation Work,Pipeline Trench,Trench Collapse,No Shoring Installed,Burial/Suffocation,Synthetic,No
0586,"Minor clutter observed near store room shelving, cleared promptly",0,Low,None,Store Room Activity,Store Room,Minor Clutter,None,No Injury,Synthetic,No
0587,Chemical spill occurred during transfer without containment,1,Critical,Chemical Handling,Chemical Handling,Chemical Storage,Corrosive Substance,PPE Not Worn,Chemical Burn,Synthetic,No
0588,Hot work carried out without fire watch present,1,Critical,Hot Work,Hot Work,Process Unit,Flammable Atmosphere,Gas Test Not Done,Fire/Explosion,Synthetic,No
0589,"Speed bump sign found faded in parking lot, replaced",0,Low,None,Parking Area,Parking Lot,Minor Obstruction,None,No Injury,Synthetic,No
0590,"Pallet placed close to walkway, minor obstruction noted",0,Low,None,Warehouse Operations,Warehouse,Stacked Material,Proper Stacking Missed,Minor Injury,Synthetic,No
0591,Employee exposed to acid fumes due to ventilation failure,1,Critical,Chemical Handling,Chemical Handling,Chemical Storage,Corrosive Substance,PPE Not Worn,Chemical Burn,Synthetic,No
0592,"Floor mat displaced near canteen door, minor trip risk",0,Low,None,Housekeeping,Canteen,Wet Floor,Warning Sign Missing,Minor Slip,Synthetic,No
0593,Worker positioned under partially demolished structure during work,1,Critical,Line of Fire,Demolition Work,Construction Site,Structural Instability,Engineering Review Skipped,Structural Collapse,Synthetic,No
0594,Vehicle exceeded site speed limit near pedestrian crossing,1,Critical,Safe Driving,Vehicle Operation,Site Road,Moving Vehicle,Seatbelt Not Worn,Vehicle Collision,Synthetic,No
0595,Ladder used beyond safe working height without secondary support,1,Critical,Work at Height,Working at Height,Scaffold Area,Fall Hazard,Harness Not Anchored,Fall From Height,Synthetic,No
0596,Monitor height adjustment requested for workstation comfort,0,Low,None,Office Work,Office,Ergonomic,None,Minor Discomfort,Synthetic,No
0597,Forklift reversed without a spotter in congested yard area,1,Critical,Line of Fire,Mobile Equipment,Yard,Reversing Vehicle,Spotter Absent,Struck-By Injury,Synthetic,No
0598,Employee reported minor back discomfort from office chair,0,Low,None,Office Work,Office,Ergonomic,None,Minor Discomfort,Synthetic,No
0599,Loose clothing caught near unguarded rotating shaft,1,Critical,Machine Guarding,Machine Operation,Workshop,Rotating Equipment,Guard Removed,Amputation,Synthetic,No
0600,"Projector malfunction reported during toolbox talk, resolved quickly",0,Low,None,Training Session,Training Room,None,None,No Injury,Synthetic,No
0601,Overloaded sling used during material lifting operation,1,Critical,Line of Fire,Lifting Operations,Yard,Overhead Crane,Load Chart Exceeded,Structural Failure,Synthetic,No
0602,"Minor labeling error found on stored material, corrected",0,Low,None,Store Room Activity,Store Room,Minor Clutter,None,No Injury,Synthetic,No
0603,"Chair wheel slightly loose, reported for maintenance",0,Low,None,Housekeeping,Office,Slip Hazard,None,Minor Injury,Synthetic,No
0604,"Coffee machine leak observed in break room, reported for repair",0,Low,None,Break Room Activity,Break Room,Minor Hygiene Issue,None,No Injury,Synthetic,No
0605,"Minor clutter in break room seating area, tidied up",0,Low,None,Break Room Activity,Break Room,Minor Hygiene Issue,None,No Injury,Synthetic,No
0606,Crane hook block swung uncontrolled near working personnel,1,Critical,Line of Fire,Lifting Operations,Yard,Overhead Crane,Load Chart Exceeded,Structural Failure,Synthetic,No
0607,"Worker sustained minor cut while handling tools, first aid given",0,Low,None,General Maintenance,Workshop,Minor Cut Hazard,None,First Aid Case,Synthetic,No
0608,"Cable lying on office floor, minor trip hazard noted",0,Low,None,Housekeeping,Office,Slip Hazard,None,Minor Injury,Synthetic,No
0609,"Small water spill near pantry area, promptly cleaned",0,Low,None,Housekeeping,Office,Slip Hazard,None,Minor Injury,Synthetic,No
0610,Employee reported minor splinter while handling wooden pallet,0,Low,None,General Maintenance,Workshop,Minor Cut Hazard,None,First Aid Case,Synthetic,No
0611,"Floor mat displaced near canteen door, minor trip risk",0,Low,None,Housekeeping,Canteen,Wet Floor,Warning Sign Missing,Minor Slip,Synthetic,No
0612,Load lifted without verifying rigging certification,1,Critical,Line of Fire,Lifting Operations,Yard,Overhead Crane,Load Chart Exceeded,Structural Failure,Synthetic,No
0613,Crane hook block swung uncontrolled near working personnel,1,Critical,Line of Fire,Lifting Operations,Yard,Overhead Crane,Load Chart Exceeded,Structural Failure,Synthetic,No
0614,Minor housekeeping issue near office entrance,0,Low,None,Housekeeping,Office,Slip Hazard,None,Minor Injury,Synthetic,No
0615,"Attendance register missing signature, corrected same day",0,Low,None,Training Session,Training Room,None,None,No Injury,Synthetic,No
0616,"Projector malfunction reported during toolbox talk, resolved quickly",0,Low,None,Training Session,Training Room,None,None,No Injury,Synthetic,No
0617,Loose clothing caught near unguarded rotating shaft,1,Critical,Machine Guarding,Machine Operation,Workshop,Rotating Equipment,Guard Removed,Amputation,Synthetic,No
0618,"Minor scrape while unpacking material crate, first aid applied",0,Low,None,General Maintenance,Workshop,Minor Cut Hazard,None,First Aid Case,Synthetic,No
0619,"Vehicle parked slightly outside marked bay, corrected on observation",0,Low,None,Parking Area,Parking Lot,Minor Obstruction,None,No Injury,Synthetic,No
0620,Demolition proceeded without structural stability assessment,1,Critical,Line of Fire,Demolition Work,Construction Site,Structural Instability,Engineering Review Skipped,Structural Collapse,Synthetic,No
0621,"Cable lying on office floor, minor trip hazard noted",0,Low,None,Housekeeping,Office,Slip Hazard,None,Minor Injury,Synthetic,No
0622,Substation cable tested without confirming de-energization,1,Critical,Energy Isolation,Electrical Maintenance,Substation,High Voltage Line,Isolation Point Skipped,Electrocution,Synthetic,No
0623,Substation cable tested without confirming de-energization,1,Critical,Energy Isolation,Electrical Maintenance,Substation,High Voltage Line,Isolation Point Skipped,Electrocution,Synthetic,No
0624,Minor slip near canteen entrance due to spilled water,0,Low,None,Housekeeping,Canteen,Wet Floor,Warning Sign Missing,Minor Slip,Synthetic,No
0625,"Worker sustained minor cut while handling tools, first aid given",0,Low,None,General Maintenance,Workshop,Minor Cut Hazard,None,First Aid Case,Synthetic,No
0626,Ventilation blower switched off while worker still inside vessel,1,Critical,Confined Space,Tank Entry,Tank Farm,Toxic Atmosphere,Gas Testing Skipped,Asphyxiation,Synthetic,No
0627,"Minor food spillage near canteen counter, cleaned promptly",0,Low,None,Housekeeping,Canteen,Wet Floor,Warning Sign Missing,Minor Slip,Synthetic,No
0628,"Wet floor in canteen without warning sign, corrected quickly",0,Low,None,Housekeeping,Canteen,Wet Floor,Warning Sign Missing,Minor Slip,Synthetic,No
0629,Minor housekeeping issue near office entrance,0,Low,None,Housekeeping,Office,Slip Hazard,None,Minor Injury,Synthetic,No
0630,Energized equipment opened for repair without isolation verification,1,Critical,Energy Isolation,Electrical Maintenance,Production Area,Electrical Energy,LOTO Not Applied,Electrocution,Synthetic,No
0631,Worker entered nitrogen-purged vessel without gas test clearance,1,Critical,Confined Space,Vessel Cleaning,Process Unit,Inert Atmosphere,Attendant Not Present,Asphyxiation,Synthetic,No
0632,Minor documentation gap noted during routine audit,0,Low,None,Inspection Round,Plant Area,Housekeeping,None,No Injury,Synthetic,No
0633,"Expired item found in store inventory, removed during check",0,Low,None,Store Room Activity,Store Room,Minor Clutter,None,No Injury,Synthetic,No
0634,"Worker sustained minor cut while handling tools, first aid given",0,Low,None,General Maintenance,Workshop,Minor Cut Hazard,None,First Aid Case,Synthetic,No
0635,Confined space permit expired but work continued inside tank,1,Critical,Confined Space,Vessel Cleaning,Process Unit,Inert Atmosphere,Attendant Not Present,Asphyxiation,Synthetic,No
0636,"Expired item found in store inventory, removed during check",0,Low,None,Store Room Activity,Store Room,Minor Clutter,None,No Injury,Synthetic,No
0637,"Expired item found in store inventory, removed during check",0,Low,None,Store Room Activity,Store Room,Minor Clutter,None,No Injury,Synthetic,No
0638,"Coffee machine leak observed in break room, reported for repair",0,Low,None,Break Room Activity,Break Room,Minor Hygiene Issue,None,No Injury,Synthetic,No
0639,Load lifted without verifying rigging certification,1,Critical,Line of Fire,Lifting Operations,Yard,Overhead Crane,Load Chart Exceeded,Structural Failure,Synthetic,No
0640,Loose stationery observed on office desk,0,Low,None,Housekeeping,Office,Slip Hazard,None,Minor Injury,Synthetic,No
0641,"Minor food spillage near canteen counter, cleaned promptly",0,Low,None,Housekeeping,Canteen,Wet Floor,Warning Sign Missing,Minor Slip,Synthetic,No
0642,"Label missing on storage bin, corrected during audit",0,Low,None,Warehouse Operations,Warehouse,Stacked Material,Proper Stacking Missed,Minor Injury,Synthetic,No
0643,Loose clothing caught near unguarded rotating shaft,1,Critical,Machine Guarding,Machine Operation,Workshop,Rotating Equipment,Guard Removed,Amputation,Synthetic,No
0644,"Label missing on storage bin, corrected during audit",0,Low,None,Warehouse Operations,Warehouse,Stacked Material,Proper Stacking Missed,Minor Injury,Synthetic,No
0645,Rigger positioned himself in line of fire while load was being hoisted,1,Critical,Line of Fire,Lifting Operations,Loading Area,Suspended Load,Exclusion Zone Breach,Fatal Crushing,Synthetic,No
0646,Chemical spill occurred during transfer without containment,1,Critical,Chemical Handling,Chemical Handling,Chemical Storage,Corrosive Substance,PPE Not Worn,Chemical Burn,Synthetic,No
0647,"Small water spill near pantry area, promptly cleaned",0,Low,None,Housekeeping,Office,Slip Hazard,None,Minor Injury,Synthetic,No
0648,"Minor spill near break room refrigerator, cleaned promptly",0,Low,None,Break Room Activity,Break Room,Minor Hygiene Issue,None,No Injury,Synthetic,No
0649,Worker positioned under partially demolished structure during work,1,Critical,Line of Fire,Demolition Work,Construction Site,Structural Instability,Engineering Review Skipped,Structural Collapse,Synthetic,No
0650,"Speed bump sign found faded in parking lot, replaced",0,Low,None,Parking Area,Parking Lot,Minor Obstruction,None,No Injury,Synthetic,No
0651,Minor scheduling delay reported during safety training session,0,Low,None,Training Session,Training Room,None,None,No Injury,Synthetic,No
0652,"Pallet placed close to walkway, minor obstruction noted",0,Low,None,Warehouse Operations,Warehouse,Stacked Material,Proper Stacking Missed,Minor Injury,Synthetic,No
0653,"Projector malfunction reported during toolbox talk, resolved quickly",0,Low,None,Training Session,Training Room,None,None,No Injury,Synthetic,No
0654,"Wet floor in canteen without warning sign, corrected quickly",0,Low,None,Housekeeping,Canteen,Wet Floor,Warning Sign Missing,Minor Slip,Synthetic,No
0655,"Minor labeling error found on stored material, corrected",0,Low,None,Store Room Activity,Store Room,Minor Clutter,None,No Injury,Synthetic,No
0656,Welding started near flammable material without hot work permit,1,Critical,Hot Work,Hot Work,Process Unit,Flammable Atmosphere,Gas Test Not Done,Fire/Explosion,Synthetic,No
0657,Marine work continued despite deteriorating weather conditions,1,Critical,Line of Fire,Diving/Marine Operations,Offshore Site,Underwater Hazard,Communication Loss,Drowning,Synthetic,No
0658,"Minor pothole noted in parking area, reported for repair",0,Low,None,Parking Area,Parking Lot,Minor Obstruction,None,No Injury,Synthetic,No
0659,"Minor spill near break room refrigerator, cleaned promptly",0,Low,None,Break Room Activity,Break Room,Minor Hygiene Issue,None,No Injury,Synthetic,No
0660,Worker climbed scaffold without securing safety harness,1,Critical,Work at Height,Working at Height,Scaffold Area,Fall Hazard,Harness Not Anchored,Fall From Height,Synthetic,No
0661,Loader operated near pedestrian walkway without horn warning,1,Critical,Line of Fire,Mobile Equipment,Yard,Reversing Vehicle,Spotter Absent,Struck-By Injury,Synthetic,No
0662,"Fire extinguisher tag found slightly faded, replaced promptly",0,Low,None,Inspection Round,Plant Area,Housekeeping,None,No Injury,Synthetic,No
0663,Small bruise reported after minor bump against equipment,0,Low,None,General Maintenance,Workshop,Minor Cut Hazard,None,First Aid Case,Synthetic,No
0664,Worker positioned under partially demolished structure during work,1,Critical,Line of Fire,Demolition Work,Construction Site,Structural Instability,Engineering Review Skipped,Structural Collapse,Synthetic,No
0665,"Fire extinguisher tag found slightly faded, replaced promptly",0,Low,None,Inspection Round,Plant Area,Housekeeping,None,No Injury,Synthetic,No
0666,Employee reported minor splinter while handling wooden pallet,0,Low,None,General Maintenance,Workshop,Minor Cut Hazard,None,First Aid Case,Synthetic,No
0667,Minor documentation gap noted during routine audit,0,Low,None,Inspection Round,Plant Area,Housekeeping,None,No Injury,Synthetic,No
0668,Minor housekeeping issue near office entrance,0,Low,None,Housekeeping,Office,Slip Hazard,None,Minor Injury,Synthetic,No
0669,Heavy debris dropped near active work zone without exclusion barrier,1,Critical,Line of Fire,Demolition Work,Construction Site,Structural Instability,Engineering Review Skipped,Structural Collapse,Synthetic,No
0670,"Floor mat displaced near canteen door, minor trip risk",0,Low,None,Housekeeping,Canteen,Wet Floor,Warning Sign Missing,Minor Slip,Synthetic,No
0671,Worker stood in line of fire while pressure testing pipeline,1,Critical,Energy Isolation,Pressure Testing,Process Unit,Pressurized System,Isolation Not Verified,Explosion/Rupture,Synthetic,No
0672,Employee reported minor splinter while handling wooden pallet,0,Low,None,General Maintenance,Workshop,Minor Cut Hazard,None,First Aid Case,Synthetic,No
0673,"Unlabeled bin found during safety walk, corrected on spot",0,Low,None,Inspection Round,Plant Area,Housekeeping,None,No Injury,Synthetic,No
0674,Minor scheduling delay reported during safety training session,0,Low,None,Training Session,Training Room,None,None,No Injury,Synthetic,No
0675,Load lifted without verifying rigging certification,1,Critical,Line of Fire,Lifting Operations,Yard,Overhead Crane,Load Chart Exceeded,Structural Failure,Synthetic,No
0676,"Expired item found in store inventory, removed during check",0,Low,None,Store Room Activity,Store Room,Minor Clutter,None,No Injury,Synthetic,No
0677,Minor eye strain reported after prolonged screen use,0,Low,None,Office Work,Office,Ergonomic,None,Minor Discomfort,Synthetic,No
0678,Employee reported minor back discomfort from office chair,0,Low,None,Office Work,Office,Ergonomic,None,Minor Discomfort,Synthetic,No
0679,Skylight opening left uncovered near active roof work area,1,Critical,Work at Height,Roof Work,Rooftop,Fragile Surface,No Fall Arrest System,Fall From Height,Synthetic,No
0680,Marine work continued despite deteriorating weather conditions,1,Critical,Line of Fire,Diving/Marine Operations,Offshore Site,Underwater Hazard,Communication Loss,Drowning,Synthetic,No
0681,Worker entered nitrogen-purged vessel without gas test clearance,1,Critical,Confined Space,Vessel Cleaning,Process Unit,Inert Atmosphere,Attendant Not Present,Asphyxiation,Synthetic,No
0682,"Minor material spillage in warehouse aisle, cleaned immediately",0,Low,None,Warehouse Operations,Warehouse,Stacked Material,Proper Stacking Missed,Minor Injury,Synthetic,No
0683,Truck reversed without spotter near active work zone,1,Critical,Safe Driving,Vehicle Operation,Site Road,Moving Vehicle,Seatbelt Not Worn,Vehicle Collision,Synthetic,No
0684,Worker stood below suspended crane load during lifting operation,1,Critical,Line of Fire,Lifting Operations,Loading Area,Suspended Load,Exclusion Zone Breach,Fatal Crushing,Synthetic,No
0685,Worker fell overboard without personal flotation device worn,1,Critical,Line of Fire,Diving/Marine Operations,Offshore Site,Underwater Hazard,Communication Loss,Drowning,Synthetic,No
0686,"Minor clutter observed near store room shelving, cleared promptly",0,Low,None,Store Room Activity,Store Room,Minor Clutter,None,No Injury,Synthetic,No
0687,Worker entered unshored trench deeper than 1.5 meters,1,Critical,Excavation,Excavation Work,Pipeline Trench,Trench Collapse,No Shoring Installed,Burial/Suffocation,Synthetic,No
0688,"Minor food spillage near canteen counter, cleaned promptly",0,Low,None,Housekeeping,Canteen,Wet Floor,Warning Sign Missing,Minor Slip,Synthetic,No
0689,Employee requested footrest for ergonomic improvement,0,Low,None,Office Work,Office,Ergonomic,None,Minor Discomfort,Synthetic,No
0690,Driver did not wear seatbelt during transport on plant road,1,Critical,Safe Driving,Vehicle Operation,Site Road,Moving Vehicle,Seatbelt Not Worn,Vehicle Collision,Synthetic,No
0691,Worker positioned under partially demolished structure during work,1,Critical,Line of Fire,Demolition Work,Construction Site,Structural Instability,Engineering Review Skipped,Structural Collapse,Synthetic,No
0692,Worker walked on fragile roof sheet without crawling boards,1,Critical,Work at Height,Roof Work,Rooftop,Fragile Surface,No Fall Arrest System,Fall From Height,Synthetic,No
0693,"Cable lying on office floor, minor trip hazard noted",0,Low,None,Housekeeping,Office,Slip Hazard,None,Minor Injury,Synthetic,No
0694,"Boxes stacked slightly above recommended height, corrected on observation",0,Low,None,Warehouse Operations,Warehouse,Stacked Material,Proper Stacking Missed,Minor Injury,Synthetic,No
0695,Worker walked on fragile roof sheet without crawling boards,1,Critical,Work at Height,Roof Work,Rooftop,Fragile Surface,No Fall Arrest System,Fall From Height,Synthetic,No
0696,"Unlabeled bin found during safety walk, corrected on spot",0,Low,None,Inspection Round,Plant Area,Housekeeping,None,No Injury,Synthetic,No
0697,Employee requested footrest for ergonomic improvement,0,Low,None,Office Work,Office,Ergonomic,None,Minor Discomfort,Synthetic,No
0698,Employee requested footrest for ergonomic improvement,0,Low,None,Office Work,Office,Ergonomic,None,Minor Discomfort,Synthetic,No
0699,"Unlabeled bin found during safety walk, corrected on spot",0,Low,None,Inspection Round,Plant Area,Housekeeping,None,No Injury,Synthetic,No
0700,"Unlabeled bin found during safety walk, corrected on spot",0,Low,None,Inspection Round,Plant Area,Housekeeping,None,No Injury,Synthetic,No
0701,Overloaded sling used during material lifting operation,1,Critical,Line of Fire,Lifting Operations,Yard,Overhead Crane,Load Chart Exceeded,Structural Failure,Synthetic,No
0702,"Vehicle parked slightly outside marked bay, corrected on observation",0,Low,None,Parking Area,Parking Lot,Minor Obstruction,None,No Injury,Synthetic,No
0703,Employee entered vessel before oxygen levels were verified,1,Critical,Confined Space,Tank Entry,Tank Farm,Toxic Atmosphere,Gas Testing Skipped,Asphyxiation,Synthetic,No
0704,Worker walked on fragile roof sheet without crawling boards,1,Critical,Work at Height,Roof Work,Rooftop,Fragile Surface,No Fall Arrest System,Fall From Height,Synthetic,No
0705,Loader operated near pedestrian walkway without horn warning,1,Critical,Line of Fire,Mobile Equipment,Yard,Reversing Vehicle,Spotter Absent,Struck-By Injury,Synthetic,No
0706,"Minor food spillage near canteen counter, cleaned promptly",0,Low,None,Housekeeping,Canteen,Wet Floor,Warning Sign Missing,Minor Slip,Synthetic,No
0707,Valve opened on pressurized line without depressurizing first,1,Critical,Energy Isolation,Pressure Testing,Process Unit,Pressurized System,Isolation Not Verified,Explosion/Rupture,Synthetic,No
0708,Diver lost communication with surface team during subsea operation,1,Critical,Line of Fire,Diving/Marine Operations,Offshore Site,Underwater Hazard,Communication Loss,Drowning,Synthetic,No
0709,Minor dust accumulation observed on warehouse shelving,0,Low,None,Warehouse Operations,Warehouse,Stacked Material,Proper Stacking Missed,Minor Injury,Synthetic,No
0710,"Wet floor in canteen without warning sign, corrected quickly",0,Low,None,Housekeeping,Canteen,Wet Floor,Warning Sign Missing,Minor Slip,Synthetic,No
0711,Personnel removed guardrail without fall protection in place,1,Critical,Work at Height,Working at Height,Scaffold Area,Fall Hazard,Harness Not Anchored,Fall From Height,Synthetic,No
0712,Vehicle collided with pedestrian near site gate due to speeding,1,Critical,Safe Driving,Vehicle Operation,Site Road,Moving Vehicle,Seatbelt Not Worn,Vehicle Collision,Synthetic,No
0713,Employee requested footrest for ergonomic improvement,0,Low,None,Office Work,Office,Ergonomic,None,Minor Discomfort,Synthetic,No
0714,Vessel cleaning started without a standby attendant at entry point,1,Critical,Confined Space,Vessel Cleaning,Process Unit,Inert Atmosphere,Attendant Not Present,Asphyxiation,Synthetic,No
0715,Minor slip near canteen entrance due to spilled water,0,Low,None,Housekeeping,Canteen,Wet Floor,Warning Sign Missing,Minor Slip,Synthetic,No
0716,"Cable lying on office floor, minor trip hazard noted",0,Low,None,Housekeeping,Office,Slip Hazard,None,Minor Injury,Synthetic,No
0717,Minor signage fading observed during routine walkthrough,0,Low,None,Inspection Round,Plant Area,Housekeeping,None,No Injury,Synthetic,No
0718,Barricade removed prematurely while overhead lift was still in progress,1,Critical,Line of Fire,Lifting Operations,Loading Area,Suspended Load,Exclusion Zone Breach,Fatal Crushing,Synthetic,No
0719,Cutting torch used near open flammable liquid without isolation,1,Critical,Hot Work,Hot Work,Process Unit,Flammable Atmosphere,Gas Test Not Done,Fire/Explosion,Synthetic,No
0720,Chemical spill occurred during transfer without containment,1,Critical,Chemical Handling,Chemical Handling,Chemical Storage,Corrosive Substance,PPE Not Worn,Chemical Burn,Synthetic,No
0721,Vessel cleaning started without a standby attendant at entry point,1,Critical,Confined Space,Vessel Cleaning,Process Unit,Inert Atmosphere,Attendant Not Present,Asphyxiation,Synthetic,No
0722,"Vehicle parked slightly outside marked bay, corrected on observation",0,Low,None,Parking Area,Parking Lot,Minor Obstruction,None,No Injury,Synthetic,No
0723,Minor dust accumulation observed on warehouse shelving,0,Low,None,Warehouse Operations,Warehouse,Stacked Material,Proper Stacking Missed,Minor Injury,Synthetic,No
0724,Padlock and tag missing on isolated breaker during panel repair,1,Critical,Energy Isolation,Electrical Maintenance,Production Area,Electrical Energy,LOTO Not Applied,Electrocution,Synthetic,No
0725,Minor slip near canteen entrance due to spilled water,0,Low,None,Housekeeping,Canteen,Wet Floor,Warning Sign Missing,Minor Slip,Synthetic,No
0726,Scaffold used without completion tag or inspection sign-off,1,Critical,Work at Height,Working at Height,Scaffold Area,Fall Hazard,Harness Not Anchored,Fall From Height,Synthetic,No
0727,Worker stood below suspended crane load during lifting operation,1,Critical,Line of Fire,Lifting Operations,Loading Area,Suspended Load,Exclusion Zone Breach,Fatal Crushing,Synthetic,No
0728,"Minor pothole noted in parking area, reported for repair",0,Low,None,Parking Area,Parking Lot,Minor Obstruction,None,No Injury,Synthetic,No
0729,"Chair wheel slightly loose, reported for maintenance",0,Low,None,Housekeeping,Office,Slip Hazard,None,Minor Injury,Synthetic,No
0730,Minor documentation gap noted during routine audit,0,Low,None,Inspection Round,Plant Area,Housekeeping,None,No Injury,Synthetic,No
0731,"Minor clutter observed near store room shelving, cleared promptly",0,Low,None,Store Room Activity,Store Room,Minor Clutter,None,No Injury,Synthetic,No
0732,Demolition proceeded without structural stability assessment,1,Critical,Line of Fire,Demolition Work,Construction Site,Structural Instability,Engineering Review Skipped,Structural Collapse,Synthetic,No
0733,Minor slip near canteen entrance due to spilled water,0,Low,None,Housekeeping,Canteen,Wet Floor,Warning Sign Missing,Minor Slip,Synthetic,No
0734,Welding started near flammable material without hot work permit,1,Critical,Hot Work,Hot Work,Process Unit,Flammable Atmosphere,Gas Test Not Done,Fire/Explosion,Synthetic,No
0735,Hot work permit expired but welding continued in process area,1,Critical,Hot Work,Hot Work,Process Unit,Flammable Atmosphere,Gas Test Not Done,Fire/Explosion,Synthetic,No
0736,"Small water spill near pantry area, promptly cleaned",0,Low,None,Housekeeping,Office,Slip Hazard,None,Minor Injury,Synthetic,No
0737,"Minor labeling error found on stored material, corrected",0,Low,None,Store Room Activity,Store Room,Minor Clutter,None,No Injury,Synthetic,No
0738,Sparks from grinding ignited nearby oily rags in work area,1,Critical,Hot Work,Hot Work,Process Unit,Flammable Atmosphere,Gas Test Not Done,Fire/Explosion,Synthetic,No
0739,Ladder access missing for worker inside deep trench,1,Critical,Excavation,Excavation Work,Pipeline Trench,Trench Collapse,No Shoring Installed,Burial/Suffocation,Synthetic,No
0740,"Minor spill near break room refrigerator, cleaned promptly",0,Low,None,Break Room Activity,Break Room,Minor Hygiene Issue,None,No Injury,Synthetic,No
0741,Worker contacted overhead power line while operating boom lift nearby,1,Critical,Energy Isolation,Electrical Maintenance,Substation,High Voltage Line,Isolation Point Skipped,Electrocution,Synthetic,No
0742,"Vehicle parked slightly outside marked bay, corrected on observation",0,Low,None,Parking Area,Parking Lot,Minor Obstruction,None,No Injury,Synthetic,No
0743,"Vehicle parked slightly outside marked bay, corrected on observation",0,Low,None,Parking Area,Parking Lot,Minor Obstruction,None,No Injury,Synthetic,No
0744,Technician worked on live panel without lockout tagout,1,Critical,Energy Isolation,Electrical Maintenance,Production Area,Electrical Energy,LOTO Not Applied,Electrocution,Synthetic,No
0745,"Worker sustained minor cut while handling tools, first aid given",0,Low,None,General Maintenance,Workshop,Minor Cut Hazard,None,First Aid Case,Synthetic,No
0746,Worker stood below suspended crane load during lifting operation,1,Critical,Line of Fire,Lifting Operations,Loading Area,Suspended Load,Exclusion Zone Breach,Fatal Crushing,Synthetic,No
0747,Personnel removed guardrail without fall protection in place,1,Critical,Work at Height,Working at Height,Scaffold Area,Fall Hazard,Harness Not Anchored,Fall From Height,Synthetic,No
0748,Worker stood in line of fire while pressure testing pipeline,1,Critical,Energy Isolation,Pressure Testing,Process Unit,Pressurized System,Isolation Not Verified,Explosion/Rupture,Synthetic,No
0749,Pressure test conducted without verifying line isolation,1,Critical,Energy Isolation,Pressure Testing,Process Unit,Pressurized System,Isolation Not Verified,Explosion/Rupture,Synthetic,No
0750,Worker contacted overhead power line while operating boom lift nearby,1,Critical,Energy Isolation,Electrical Maintenance,Substation,High Voltage Line,Isolation Point Skipped,Electrocution,Synthetic,No
0751,Driver was using mobile phone while operating vehicle on site road,1,Critical,Safe Driving,Vehicle Operation,Site Road,Moving Vehicle,Seatbelt Not Worn,Vehicle Collision,Synthetic,No
0752,"Minor clutter in break room seating area, tidied up",0,Low,None,Break Room Activity,Break Room,Minor Hygiene Issue,None,No Injury,Synthetic,No
0753,Employee reported minor back discomfort from office chair,0,Low,None,Office Work,Office,Ergonomic,None,Minor Discomfort,Synthetic,No
0754,Rescue plan not in place before confined space entry began,1,Critical,Confined Space,Tank Entry,Tank Farm,Toxic Atmosphere,Gas Testing Skipped,Asphyxiation,Synthetic,No
0755,"Minor material spillage in warehouse aisle, cleaned immediately",0,Low,None,Warehouse Operations,Warehouse,Stacked Material,Proper Stacking Missed,Minor Injury,Synthetic,No
0756,"Minor labeling error found on stored material, corrected",0,Low,None,Store Room Activity,Store Room,Minor Clutter,None,No Injury,Synthetic,No
0757,Signalman lost visual contact with crane operator during active lift,1,Critical,Line of Fire,Lifting Operations,Loading Area,Suspended Load,Exclusion Zone Breach,Fatal Crushing,Synthetic,No
0758,"Chemical drum overfilled during transfer, causing splash exposure",1,Critical,Chemical Handling,Chemical Handling,Chemical Storage,Corrosive Substance,PPE Not Worn,Chemical Burn,Synthetic,No
0759,"Vehicle parked slightly outside marked bay, corrected on observation",0,Low,None,Parking Area,Parking Lot,Minor Obstruction,None,No Injury,Synthetic,No
0760,Load lifted without verifying rigging certification,1,Critical,Line of Fire,Lifting Operations,Yard,Overhead Crane,Load Chart Exceeded,Structural Failure,Synthetic,No
0761,Roof access made without anchor point for fall arrest harness,1,Critical,Work at Height,Roof Work,Rooftop,Fragile Surface,No Fall Arrest System,Fall From Height,Synthetic,No
0762,"Coffee machine leak observed in break room, reported for repair",0,Low,None,Break Room Activity,Break Room,Minor Hygiene Issue,None,No Injury,Synthetic,No
0763,"Vehicle parked slightly outside marked bay, corrected on observation",0,Low,None,Parking Area,Parking Lot,Minor Obstruction,None,No Injury,Synthetic,No
0764,Ventilation blower switched off while worker still inside vessel,1,Critical,Confined Space,Tank Entry,Tank Farm,Toxic Atmosphere,Gas Testing Skipped,Asphyxiation,Synthetic,No
0765,"Label missing on storage bin, corrected during audit",0,Low,None,Warehouse Operations,Warehouse,Stacked Material,Proper Stacking Missed,Minor Injury,Synthetic,No
0766,"Small water spill near pantry area, promptly cleaned",0,Low,None,Housekeeping,Office,Slip Hazard,None,Minor Injury,Synthetic,No
0767,Vessel cleaning started without a standby attendant at entry point,1,Critical,Confined Space,Vessel Cleaning,Process Unit,Inert Atmosphere,Attendant Not Present,Asphyxiation,Synthetic,No
0768,Scaffold used without completion tag or inspection sign-off,1,Critical,Work at Height,Working at Height,Scaffold Area,Fall Hazard,Harness Not Anchored,Fall From Height,Synthetic,No
0769,"Minor material spillage in warehouse aisle, cleaned immediately",0,Low,None,Warehouse Operations,Warehouse,Stacked Material,Proper Stacking Missed,Minor Injury,Synthetic,No
0770,Interlock switch bypassed to keep production running during jam clearance,1,Critical,Machine Guarding,Machine Operation,Workshop,Rotating Equipment,Guard Removed,Amputation,Synthetic,No
0771,Minor housekeeping issue near office entrance,0,Low,None,Housekeeping,Office,Slip Hazard,None,Minor Injury,Synthetic,No
0772,"Coffee machine leak observed in break room, reported for repair",0,Low,None,Break Room Activity,Break Room,Minor Hygiene Issue,None,No Injury,Synthetic,No
0773,"Coffee machine leak observed in break room, reported for repair",0,Low,None,Break Room Activity,Break Room,Minor Hygiene Issue,None,No Injury,Synthetic,No
0774,"Chair wheel slightly loose, reported for maintenance",0,Low,None,Housekeeping,Office,Slip Hazard,None,Minor Injury,Synthetic,No
0775,Worker contacted overhead power line while operating boom lift nearby,1,Critical,Energy Isolation,Electrical Maintenance,Substation,High Voltage Line,Isolation Point Skipped,Electrocution,Synthetic,No
0776,Worker walked on fragile roof sheet without crawling boards,1,Critical,Work at Height,Roof Work,Rooftop,Fragile Surface,No Fall Arrest System,Fall From Height,Synthetic,No
0777,Loader operated near pedestrian walkway without horn warning,1,Critical,Line of Fire,Mobile Equipment,Yard,Reversing Vehicle,Spotter Absent,Struck-By Injury,Synthetic,No
0778,Employee reported minor back discomfort from office chair,0,Low,None,Office Work,Office,Ergonomic,None,Minor Discomfort,Synthetic,No
0779,"Minor pothole noted in parking area, reported for repair",0,Low,None,Parking Area,Parking Lot,Minor Obstruction,None,No Injury,Synthetic,No
0780,Contractor entered underground pit without confined space permit,1,Critical,Confined Space,Tank Entry,Tank Farm,Toxic Atmosphere,Gas Testing Skipped,Asphyxiation,Synthetic,No
0781,Employee entered vessel before oxygen levels were verified,1,Critical,Confined Space,Tank Entry,Tank Farm,Toxic Atmosphere,Gas Testing Skipped,Asphyxiation,Synthetic,No
0782,"Coffee machine leak observed in break room, reported for repair",0,Low,None,Break Room Activity,Break Room,Minor Hygiene Issue,None,No Injury,Synthetic,No
0783,Worker removed isolation lock before job completion certificate issued,1,Critical,Energy Isolation,Electrical Maintenance,Production Area,Electrical Energy,LOTO Not Applied,Electrocution,Synthetic,No
0784,"Minor labeling error found on stored material, corrected",0,Low,None,Store Room Activity,Store Room,Minor Clutter,None,No Injury,Synthetic,No
0785,"Label missing on storage bin, corrected during audit",0,Low,None,Warehouse Operations,Warehouse,Stacked Material,Proper Stacking Missed,Minor Injury,Synthetic,No
0786,Cutting torch used near open flammable liquid without isolation,1,Critical,Hot Work,Hot Work,Process Unit,Flammable Atmosphere,Gas Test Not Done,Fire/Explosion,Synthetic,No
0787,"Minor food spillage near canteen counter, cleaned promptly",0,Low,None,Housekeeping,Canteen,Wet Floor,Warning Sign Missing,Minor Slip,Synthetic,No
0788,"Wet floor in canteen without warning sign, corrected quickly",0,Low,None,Housekeeping,Canteen,Wet Floor,Warning Sign Missing,Minor Slip,Synthetic,No
0789,Worker walked on fragile roof sheet without crawling boards,1,Critical,Work at Height,Roof Work,Rooftop,Fragile Surface,No Fall Arrest System,Fall From Height,Synthetic,No
0790,"Attendance register missing signature, corrected same day",0,Low,None,Training Session,Training Room,None,None,No Injury,Synthetic,No
0791,Grinding operation performed without gas testing near process unit,1,Critical,Hot Work,Hot Work,Process Unit,Flammable Atmosphere,Gas Test Not Done,Fire/Explosion,Synthetic,No
0792,"Pallet placed close to walkway, minor obstruction noted",0,Low,None,Warehouse Operations,Warehouse,Stacked Material,Proper Stacking Missed,Minor Injury,Synthetic,No
0793,"Expired item found in store inventory, removed during check",0,Low,None,Store Room Activity,Store Room,Minor Clutter,None,No Injury,Synthetic,No
0794,Personnel removed guardrail without fall protection in place,1,Critical,Work at Height,Working at Height,Scaffold Area,Fall Hazard,Harness Not Anchored,Fall From Height,Synthetic,No
0795,Personnel walked under load being lifted by mobile crane,1,Critical,Line of Fire,Lifting Operations,Loading Area,Suspended Load,Exclusion Zone Breach,Fatal Crushing,Synthetic,No
0796,"Coffee machine leak observed in break room, reported for repair",0,Low,None,Break Room Activity,Break Room,Minor Hygiene Issue,None,No Injury,Synthetic,No
0797,Crane hook block swung uncontrolled near working personnel,1,Critical,Line of Fire,Lifting Operations,Yard,Overhead Crane,Load Chart Exceeded,Structural Failure,Synthetic,No
0798,"Routine inspection found minor housekeeping gap, closed same day",0,Low,None,Inspection Round,Plant Area,Housekeeping,None,No Injury,Synthetic,No
0799,"Minor scrape while unpacking material crate, first aid applied",0,Low,None,General Maintenance,Workshop,Minor Cut Hazard,None,First Aid Case,Synthetic,No
0800,Grinding operation performed without gas testing near process unit,1,Critical,Hot Work,Hot Work,Process Unit,Flammable Atmosphere,Gas Test Not Done,Fire/Explosion,Synthetic,No
0801,"Minor clutter in break room seating area, tidied up",0,Low,None,Break Room Activity,Break Room,Minor Hygiene Issue,None,No Injury,Synthetic,No
0802,"Vehicle parked slightly outside marked bay, corrected on observation",0,Low,None,Parking Area,Parking Lot,Minor Obstruction,None,No Injury,Synthetic,No
0803,"Expired item found in store inventory, removed during check",0,Low,None,Store Room Activity,Store Room,Minor Clutter,None,No Injury,Synthetic,No
0804,"Minor scrape while unpacking material crate, first aid applied",0,Low,None,General Maintenance,Workshop,Minor Cut Hazard,None,First Aid Case,Synthetic,No
0805,"Cable lying on office floor, minor trip hazard noted",0,Low,None,Housekeeping,Office,Slip Hazard,None,Minor Injury,Synthetic,No
0806,"Minor spill near break room refrigerator, cleaned promptly",0,Low,None,Break Room Activity,Break Room,Minor Hygiene Issue,None,No Injury,Synthetic,No
0807,"Minor spill near break room refrigerator, cleaned promptly",0,Low,None,Break Room Activity,Break Room,Minor Hygiene Issue,None,No Injury,Synthetic,No
0808,Vehicle exceeded site speed limit near pedestrian crossing,1,Critical,Safe Driving,Vehicle Operation,Site Road,Moving Vehicle,Seatbelt Not Worn,Vehicle Collision,Synthetic,No
0809,"Projector malfunction reported during toolbox talk, resolved quickly",0,Low,None,Training Session,Training Room,None,None,No Injury,Synthetic,No
0810,"Floor mat displaced near canteen door, minor trip risk",0,Low,None,Housekeeping,Canteen,Wet Floor,Warning Sign Missing,Minor Slip,Synthetic,No
0811,Loose clothing caught near unguarded rotating shaft,1,Critical,Machine Guarding,Machine Operation,Workshop,Rotating Equipment,Guard Removed,Amputation,Synthetic,No
0812,"Attendance register missing signature, corrected same day",0,Low,None,Training Session,Training Room,None,None,No Injury,Synthetic,No
0813,Worker positioned under partially demolished structure during work,1,Critical,Line of Fire,Demolition Work,Construction Site,Structural Instability,Engineering Review Skipped,Structural Collapse,Synthetic,No
0814,Confined space permit expired but work continued inside tank,1,Critical,Confined Space,Vessel Cleaning,Process Unit,Inert Atmosphere,Attendant Not Present,Asphyxiation,Synthetic,No
0815,Contractor entered underground pit without confined space permit,1,Critical,Confined Space,Tank Entry,Tank Farm,Toxic Atmosphere,Gas Testing Skipped,Asphyxiation,Synthetic,No
0816,"Minor spill near break room refrigerator, cleaned promptly",0,Low,None,Break Room Activity,Break Room,Minor Hygiene Issue,None,No Injury,Synthetic,No
0817,Employee working inside trench without spoil pile setback,1,Critical,Excavation,Excavation Work,Pipeline Trench,Trench Collapse,No Shoring Installed,Burial/Suffocation,Synthetic,No
0818,"Minor spill near break room refrigerator, cleaned promptly",0,Low,None,Break Room Activity,Break Room,Minor Hygiene Issue,None,No Injury,Synthetic,No
0819,"Label missing on storage bin, corrected during audit",0,Low,None,Warehouse Operations,Warehouse,Stacked Material,Proper Stacking Missed,Minor Injury,Synthetic,No
0820,Minor housekeeping issue near office entrance,0,Low,None,Housekeeping,Office,Slip Hazard,None,Minor Injury,Synthetic,No
0821,Worker positioned under partially demolished structure during work,1,Critical,Line of Fire,Demolition Work,Construction Site,Structural Instability,Engineering Review Skipped,Structural Collapse,Synthetic,No
0822,"Minor food spillage near canteen counter, cleaned promptly",0,Low,None,Housekeeping,Canteen,Wet Floor,Warning Sign Missing,Minor Slip,Synthetic,No
0823,"Speed bump sign found faded in parking lot, replaced",0,Low,None,Parking Area,Parking Lot,Minor Obstruction,None,No Injury,Synthetic,No
0824,"Projector malfunction reported during toolbox talk, resolved quickly",0,Low,None,Training Session,Training Room,None,None,No Injury,Synthetic,No
0825,Cutting torch used near open flammable liquid without isolation,1,Critical,Hot Work,Hot Work,Process Unit,Flammable Atmosphere,Gas Test Not Done,Fire/Explosion,Synthetic,No
0826,Minor eye strain reported after prolonged screen use,0,Low,None,Office Work,Office,Ergonomic,None,Minor Discomfort,Synthetic,No
0827,Employee exposed to acid fumes due to ventilation failure,1,Critical,Chemical Handling,Chemical Handling,Chemical Storage,Corrosive Substance,PPE Not Worn,Chemical Burn,Synthetic,No
0828,"Speed bump sign found faded in parking lot, replaced",0,Low,None,Parking Area,Parking Lot,Minor Obstruction,None,No Injury,Synthetic,No
0829,Worker walked on unprotected edge at elevated platform,1,Critical,Work at Height,Working at Height,Scaffold Area,Fall Hazard,Harness Not Anchored,Fall From Height,Synthetic,No
0830,"Minor labeling error found on stored material, corrected",0,Low,None,Store Room Activity,Store Room,Minor Clutter,None,No Injury,Synthetic,No
0831,"Coffee machine leak observed in break room, reported for repair",0,Low,None,Break Room Activity,Break Room,Minor Hygiene Issue,None,No Injury,Synthetic,No
0832,Loose stationery observed on office desk,0,Low,None,Office Work,Office,Ergonomic,None,Minor Discomfort,Synthetic,No
0833,Welding started near flammable material without hot work permit,1,Critical,Hot Work,Hot Work,Process Unit,Flammable Atmosphere,Gas Test Not Done,Fire/Explosion,Synthetic,No
0834,"Vehicle parked slightly outside marked bay, corrected on observation",0,Low,None,Parking Area,Parking Lot,Minor Obstruction,None,No Injury,Synthetic,No
0835,Worker walked behind reversing dumper without eye contact with operator,1,Critical,Line of Fire,Mobile Equipment,Yard,Reversing Vehicle,Spotter Absent,Struck-By Injury,Synthetic,No
0836,Marine work continued despite deteriorating weather conditions,1,Critical,Line of Fire,Diving/Marine Operations,Offshore Site,Underwater Hazard,Communication Loss,Drowning,Synthetic,No
0837,"Minor pothole noted in parking area, reported for repair",0,Low,None,Parking Area,Parking Lot,Minor Obstruction,None,No Injury,Synthetic,No
0838,Minor dust accumulation observed on warehouse shelving,0,Low,None,Warehouse Operations,Warehouse,Stacked Material,Proper Stacking Missed,Minor Injury,Synthetic,No
0839,Minor scheduling delay reported during safety training session,0,Low,None,Training Session,Training Room,None,None,No Injury,Synthetic,No
0840,Jumper cable connected to line assumed dead without verification,1,Critical,Energy Isolation,Electrical Maintenance,Substation,High Voltage Line,Isolation Point Skipped,Electrocution,Synthetic,No
0841,Paper waste bin overflowing near workstation,0,Low,None,Housekeeping,Office,Slip Hazard,None,Minor Injury,Synthetic,No
0842,Rigger positioned himself in line of fire while load was being hoisted,1,Critical,Line of Fire,Lifting Operations,Loading Area,Suspended Load,Exclusion Zone Breach,Fatal Crushing,Synthetic,No
0843,"Vehicle parked slightly outside marked bay, corrected on observation",0,Low,None,Parking Area,Parking Lot,Minor Obstruction,None,No Injury,Synthetic,No
0844,Minor scheduling delay reported during safety training session,0,Low,None,Training Session,Training Room,None,None,No Injury,Synthetic,No
0845,Loose stationery observed on office desk,0,Low,None,Housekeeping,Office,Slip Hazard,None,Minor Injury,Synthetic,No
0846,Driver showed signs of fatigue during long haul transport run,1,Critical,Safe Driving,Vehicle Operation,Site Road,Moving Vehicle,Seatbelt Not Worn,Vehicle Collision,Synthetic,No
0847,"Vehicle parked slightly outside marked bay, corrected on observation",0,Low,None,Parking Area,Parking Lot,Minor Obstruction,None,No Injury,Synthetic,No
0848,"Attendance register missing signature, corrected same day",0,Low,None,Training Session,Training Room,None,None,No Injury,Synthetic,No
0849,Confined space permit expired but work continued inside tank,1,Critical,Confined Space,Vessel Cleaning,Process Unit,Inert Atmosphere,Attendant Not Present,Asphyxiation,Synthetic,No
0850,Employee reported minor back discomfort from office chair,0,Low,None,Office Work,Office,Ergonomic,None,Minor Discomfort,Synthetic,No
0851,Confined space permit expired but work continued inside tank,1,Critical,Confined Space,Vessel Cleaning,Process Unit,Inert Atmosphere,Attendant Not Present,Asphyxiation,Synthetic,No
0852,"Minor labeling error found on stored material, corrected",0,Low,None,Store Room Activity,Store Room,Minor Clutter,None,No Injury,Synthetic,No
0853,Crane operator lifted load exceeding rated capacity,1,Critical,Line of Fire,Lifting Operations,Yard,Overhead Crane,Load Chart Exceeded,Structural Failure,Synthetic,No
0854,"Coffee machine leak observed in break room, reported for repair",0,Low,None,Break Room Activity,Break Room,Minor Hygiene Issue,None,No Injury,Synthetic,No
0855,Roof access made without anchor point for fall arrest harness,1,Critical,Work at Height,Roof Work,Rooftop,Fragile Surface,No Fall Arrest System,Fall From Height,Synthetic,No
0856,Load lifted without verifying rigging certification,1,Critical,Line of Fire,Lifting Operations,Yard,Overhead Crane,Load Chart Exceeded,Structural Failure,Synthetic,No
0857,"Minor spill near break room refrigerator, cleaned promptly",0,Low,None,Break Room Activity,Break Room,Minor Hygiene Issue,None,No Injury,Synthetic,No
0858,Worker stood in line of fire while pressure testing pipeline,1,Critical,Energy Isolation,Pressure Testing,Process Unit,Pressurized System,Isolation Not Verified,Explosion/Rupture,Synthetic,No
0859,Overloaded sling used during material lifting operation,1,Critical,Line of Fire,Lifting Operations,Yard,Overhead Crane,Load Chart Exceeded,Structural Failure,Synthetic,No
0860,"Minor spill near break room refrigerator, cleaned promptly",0,Low,None,Break Room Activity,Break Room,Minor Hygiene Issue,None,No Injury,Synthetic,No
0861,Worker walked on fragile roof sheet without crawling boards,1,Critical,Work at Height,Roof Work,Rooftop,Fragile Surface,No Fall Arrest System,Fall From Height,Synthetic,No
0862,Confined space permit expired but work continued inside tank,1,Critical,Confined Space,Vessel Cleaning,Process Unit,Inert Atmosphere,Attendant Not Present,Asphyxiation,Synthetic,No
0863,"Routine inspection found minor housekeeping gap, closed same day",0,Low,None,Inspection Round,Plant Area,Housekeeping,None,No Injury,Synthetic,No
0864,"Expired item found in store inventory, removed during check",0,Low,None,Store Room Activity,Store Room,Minor Clutter,None,No Injury,Synthetic,No
0865,Driver did not wear seatbelt during transport on plant road,1,Critical,Safe Driving,Vehicle Operation,Site Road,Moving Vehicle,Seatbelt Not Worn,Vehicle Collision,Synthetic,No
0866,Loose stationery observed on office desk,0,Low,None,Office Work,Office,Ergonomic,None,Minor Discomfort,Synthetic,No
0867,"Minor spill near break room refrigerator, cleaned promptly",0,Low,None,Break Room Activity,Break Room,Minor Hygiene Issue,None,No Injury,Synthetic,No
0868,Interlock switch bypassed to keep production running during jam clearance,1,Critical,Machine Guarding,Machine Operation,Workshop,Rotating Equipment,Guard Removed,Amputation,Synthetic,No
0869,Worker walked on fragile roof sheet without crawling boards,1,Critical,Work at Height,Roof Work,Rooftop,Fragile Surface,No Fall Arrest System,Fall From Height,Synthetic,No
0870,Cutting torch used near open flammable liquid without isolation,1,Critical,Hot Work,Hot Work,Process Unit,Flammable Atmosphere,Gas Test Not Done,Fire/Explosion,Synthetic,No
0871,Loader operated near pedestrian walkway without horn warning,1,Critical,Line of Fire,Mobile Equipment,Yard,Reversing Vehicle,Spotter Absent,Struck-By Injury,Synthetic,No
0872,Monitor height adjustment requested for workstation comfort,0,Low,None,Office Work,Office,Ergonomic,None,Minor Discomfort,Synthetic,No
0873,"Projector malfunction reported during toolbox talk, resolved quickly",0,Low,None,Training Session,Training Room,None,None,No Injury,Synthetic,No
0874,Electrical maintenance started without power isolation,1,Critical,Energy Isolation,Electrical Maintenance,Production Area,Electrical Energy,LOTO Not Applied,Electrocution,Synthetic,No
0875,Hot work permit expired but welding continued in process area,1,Critical,Hot Work,Hot Work,Process Unit,Flammable Atmosphere,Gas Test Not Done,Fire/Explosion,Synthetic,No
0876,Worker walked on unprotected edge at elevated platform,1,Critical,Work at Height,Working at Height,Scaffold Area,Fall Hazard,Harness Not Anchored,Fall From Height,Synthetic,No
0877,Roof access made without anchor point for fall arrest harness,1,Critical,Work at Height,Roof Work,Rooftop,Fragile Surface,No Fall Arrest System,Fall From Height,Synthetic,No
0878,Rigger positioned himself in line of fire while load was being hoisted,1,Critical,Line of Fire,Lifting Operations,Loading Area,Suspended Load,Exclusion Zone Breach,Fatal Crushing,Synthetic,No
0879,"Minor material spillage in warehouse aisle, cleaned immediately",0,Low,None,Warehouse Operations,Warehouse,Stacked Material,Proper Stacking Missed,Minor Injury,Synthetic,No
0880,Vehicle exceeded site speed limit near pedestrian crossing,1,Critical,Safe Driving,Vehicle Operation,Site Road,Moving Vehicle,Seatbelt Not Worn,Vehicle Collision,Synthetic,No
0881,Worker pinched finger lightly while closing toolbox,0,Low,None,General Maintenance,Workshop,Minor Cut Hazard,None,First Aid Case,Synthetic,No
0882,Worker walked on fragile roof sheet without crawling boards,1,Critical,Work at Height,Roof Work,Rooftop,Fragile Surface,No Fall Arrest System,Fall From Height,Synthetic,No
0883,Ladder used beyond safe working height without secondary support,1,Critical,Work at Height,Working at Height,Scaffold Area,Fall Hazard,Harness Not Anchored,Fall From Height,Synthetic,No
0884,Personnel removed guardrail without fall protection in place,1,Critical,Work at Height,Working at Height,Scaffold Area,Fall Hazard,Harness Not Anchored,Fall From Height,Synthetic,No
0885,"Vehicle parked slightly outside marked bay, corrected on observation",0,Low,None,Parking Area,Parking Lot,Minor Obstruction,None,No Injury,Synthetic,No
0886,Worker stood in line of fire while pressure testing pipeline,1,Critical,Energy Isolation,Pressure Testing,Process Unit,Pressurized System,Isolation Not Verified,Explosion/Rupture,Synthetic,No
0887,Vehicle exceeded site speed limit near pedestrian crossing,1,Critical,Safe Driving,Vehicle Operation,Site Road,Moving Vehicle,Seatbelt Not Worn,Vehicle Collision,Synthetic,No
0888,"Coffee machine leak observed in break room, reported for repair",0,Low,None,Break Room Activity,Break Room,Minor Hygiene Issue,None,No Injury,Synthetic,No
0889,"Attendance register missing signature, corrected same day",0,Low,None,Training Session,Training Room,None,None,No Injury,Synthetic,No
0890,"Worker sustained minor cut while handling tools, first aid given",0,Low,None,General Maintenance,Workshop,Minor Cut Hazard,None,First Aid Case,Synthetic,No
0891,Minor eye strain reported after prolonged screen use,0,Low,None,Office Work,Office,Ergonomic,None,Minor Discomfort,Synthetic,No
0892,Minor scheduling delay reported during safety training session,0,Low,None,Training Session,Training Room,None,None,No Injury,Synthetic,No
0893,"Minor spill near break room refrigerator, cleaned promptly",0,Low,None,Break Room Activity,Break Room,Minor Hygiene Issue,None,No Injury,Synthetic,No
0894,Machine guard removed while equipment was still running,1,Critical,Machine Guarding,Machine Operation,Workshop,Rotating Equipment,Guard Removed,Amputation,Synthetic,No
0895,"Pallet placed close to walkway, minor obstruction noted",0,Low,None,Warehouse Operations,Warehouse,Stacked Material,Proper Stacking Missed,Minor Injury,Synthetic,No
0896,Substation cable tested without confirming de-energization,1,Critical,Energy Isolation,Electrical Maintenance,Substation,High Voltage Line,Isolation Point Skipped,Electrocution,Synthetic,No
0897,Minor signage fading observed during routine walkthrough,0,Low,None,Inspection Round,Plant Area,Housekeeping,None,No Injury,Synthetic,No
0898,"Boxes stacked slightly above recommended height, corrected on observation",0,Low,None,Warehouse Operations,Warehouse,Stacked Material,Proper Stacking Missed,Minor Injury,Synthetic,No
0899,Loose stationery observed on office desk,0,Low,None,Office Work,Office,Ergonomic,None,Minor Discomfort,Synthetic,No
0900,Employee cleaned rotating equipment without stopping machine,1,Critical,Machine Guarding,Machine Operation,Workshop,Rotating Equipment,Guard Removed,Amputation,Synthetic,No
0901,Worker stood in line of fire while pressure testing pipeline,1,Critical,Energy Isolation,Pressure Testing,Process Unit,Pressurized System,Isolation Not Verified,Explosion/Rupture,Synthetic,No
0902,Employee reported minor splinter while handling wooden pallet,0,Low,None,General Maintenance,Workshop,Minor Cut Hazard,None,First Aid Case,Synthetic,No
0903,Sparks from grinding ignited nearby oily rags in work area,1,Critical,Hot Work,Hot Work,Process Unit,Flammable Atmosphere,Gas Test Not Done,Fire/Explosion,Synthetic,No
0904,"Fire extinguisher tag found slightly faded, replaced promptly",0,Low,None,Inspection Round,Plant Area,Housekeeping,None,No Injury,Synthetic,No
0905,Pressure test conducted without verifying line isolation,1,Critical,Energy Isolation,Pressure Testing,Process Unit,Pressurized System,Isolation Not Verified,Explosion/Rupture,Synthetic,No
0906,"Projector malfunction reported during toolbox talk, resolved quickly",0,Low,None,Training Session,Training Room,None,None,No Injury,Synthetic,No
0907,Loose stationery observed on office desk,0,Low,None,Office Work,Office,Ergonomic,None,Minor Discomfort,Synthetic,No
0908,Vehicle exceeded site speed limit near pedestrian crossing,1,Critical,Safe Driving,Vehicle Operation,Site Road,Moving Vehicle,Seatbelt Not Worn,Vehicle Collision,Synthetic,No
0909,"Cable lying on office floor, minor trip hazard noted",0,Low,None,Housekeeping,Office,Slip Hazard,None,Minor Injury,Synthetic,No
0910,Worker entered nitrogen-purged vessel without gas test clearance,1,Critical,Confined Space,Vessel Cleaning,Process Unit,Inert Atmosphere,Attendant Not Present,Asphyxiation,Synthetic,No
0911,Forklift reversed without a spotter in congested yard area,1,Critical,Line of Fire,Mobile Equipment,Yard,Reversing Vehicle,Spotter Absent,Struck-By Injury,Synthetic,No
0912,Load lifted without verifying rigging certification,1,Critical,Line of Fire,Lifting Operations,Yard,Overhead Crane,Load Chart Exceeded,Structural Failure,Synthetic,No
0913,Worker pinched finger lightly while closing toolbox,0,Low,None,General Maintenance,Workshop,Minor Cut Hazard,None,First Aid Case,Synthetic,No
0914,"Coffee machine leak observed in break room, reported for repair",0,Low,None,Break Room Activity,Break Room,Minor Hygiene Issue,None,No Injury,Synthetic,No
0915,"Minor food spillage near canteen counter, cleaned promptly",0,Low,None,Housekeeping,Canteen,Wet Floor,Warning Sign Missing,Minor Slip,Synthetic,No
0916,"Coffee machine leak observed in break room, reported for repair",0,Low,None,Break Room Activity,Break Room,Minor Hygiene Issue,None,No Injury,Synthetic,No
0917,Monitor height adjustment requested for workstation comfort,0,Low,None,Office Work,Office,Ergonomic,None,Minor Discomfort,Synthetic,No
0918,"Minor clutter in break room seating area, tidied up",0,Low,None,Break Room Activity,Break Room,Minor Hygiene Issue,None,No Injury,Synthetic,No
0919,"Boxes stacked slightly above recommended height, corrected on observation",0,Low,None,Warehouse Operations,Warehouse,Stacked Material,Proper Stacking Missed,Minor Injury,Synthetic,No
0920,Excavation work carried out without protective shoring system,1,Critical,Excavation,Excavation Work,Pipeline Trench,Trench Collapse,No Shoring Installed,Burial/Suffocation,Synthetic,No
0921,"Routine inspection found minor housekeeping gap, closed same day",0,Low,None,Inspection Round,Plant Area,Housekeeping,None,No Injury,Synthetic,No
0922,Loose clothing caught near unguarded rotating shaft,1,Critical,Machine Guarding,Machine Operation,Workshop,Rotating Equipment,Guard Removed,Amputation,Synthetic,No
0923,"Wet floor in canteen without warning sign, corrected quickly",0,Low,None,Housekeeping,Canteen,Wet Floor,Warning Sign Missing,Minor Slip,Synthetic,No
0924,Incompatible chemicals stored together causing reactive spill risk,1,Critical,Chemical Handling,Chemical Handling,Chemical Storage,Corrosive Substance,PPE Not Worn,Chemical Burn,Synthetic,No
0925,"Speed bump sign found faded in parking lot, replaced",0,Low,None,Parking Area,Parking Lot,Minor Obstruction,None,No Injury,Synthetic,No
0926,"Minor labeling error found on stored material, corrected",0,Low,None,Store Room Activity,Store Room,Minor Clutter,None,No Injury,Synthetic,No
0927,Worker walked on unprotected edge at elevated platform,1,Critical,Work at Height,Working at Height,Scaffold Area,Fall Hazard,Harness Not Anchored,Fall From Height,Synthetic,No
0928,"Minor scrape while unpacking material crate, first aid applied",0,Low,None,General Maintenance,Workshop,Minor Cut Hazard,None,First Aid Case,Synthetic,No
0929,Paper waste bin overflowing near workstation,0,Low,None,Housekeeping,Office,Slip Hazard,None,Minor Injury,Synthetic,No
0930,"Minor pothole noted in parking area, reported for repair",0,Low,None,Parking Area,Parking Lot,Minor Obstruction,None,No Injury,Synthetic,No
0931,Confined space permit expired but work continued inside tank,1,Critical,Confined Space,Vessel Cleaning,Process Unit,Inert Atmosphere,Attendant Not Present,Asphyxiation,Synthetic,No
0932,Vehicle collided with pedestrian near site gate due to speeding,1,Critical,Safe Driving,Vehicle Operation,Site Road,Moving Vehicle,Seatbelt Not Worn,Vehicle Collision,Synthetic,No
0933,Employee reported minor splinter while handling wooden pallet,0,Low,None,General Maintenance,Workshop,Minor Cut Hazard,None,First Aid Case,Synthetic,No
0934,Technician worked on live panel without lockout tagout,1,Critical,Energy Isolation,Electrical Maintenance,Production Area,Electrical Energy,LOTO Not Applied,Electrocution,Synthetic,No
0935,Small bruise reported after minor bump against equipment,0,Low,None,General Maintenance,Workshop,Minor Cut Hazard,None,First Aid Case,Synthetic,No
0936,"Minor labeling error found on stored material, corrected",0,Low,None,Store Room Activity,Store Room,Minor Clutter,None,No Injury,Synthetic,No
0937,"Boxes stacked slightly above recommended height, corrected on observation",0,Low,None,Warehouse Operations,Warehouse,Stacked Material,Proper Stacking Missed,Minor Injury,Synthetic,No
0938,"Minor clutter observed near store room shelving, cleared promptly",0,Low,None,Store Room Activity,Store Room,Minor Clutter,None,No Injury,Synthetic,No
0939,Minor documentation gap noted during routine audit,0,Low,None,Inspection Round,Plant Area,Housekeeping,None,No Injury,Synthetic,No
0940,Rescue plan not in place before confined space entry began,1,Critical,Confined Space,Tank Entry,Tank Farm,Toxic Atmosphere,Gas Testing Skipped,Asphyxiation,Synthetic,No
0941,"Routine inspection found minor housekeeping gap, closed same day",0,Low,None,Inspection Round,Plant Area,Housekeeping,None,No Injury,Synthetic,No
0942,Small bruise reported after minor bump against equipment,0,Low,None,General Maintenance,Workshop,Minor Cut Hazard,None,First Aid Case,Synthetic,No
0943,"Expired item found in store inventory, removed during check",0,Low,None,Store Room Activity,Store Room,Minor Clutter,None,No Injury,Synthetic,No
0944,Monitor height adjustment requested for workstation comfort,0,Low,None,Office Work,Office,Ergonomic,None,Minor Discomfort,Synthetic,No
0945,Demolition proceeded without structural stability assessment,1,Critical,Line of Fire,Demolition Work,Construction Site,Structural Instability,Engineering Review Skipped,Structural Collapse,Synthetic,No
0946,Truck reversed without spotter near active work zone,1,Critical,Safe Driving,Vehicle Operation,Site Road,Moving Vehicle,Seatbelt Not Worn,Vehicle Collision,Synthetic,No
0947,Loader operated near pedestrian walkway without horn warning,1,Critical,Line of Fire,Mobile Equipment,Yard,Reversing Vehicle,Spotter Absent,Struck-By Injury,Synthetic,No
0948,Employee reported minor splinter while handling wooden pallet,0,Low,None,General Maintenance,Workshop,Minor Cut Hazard,None,First Aid Case,Synthetic,No
0949,Hot work carried out without fire watch present,1,Critical,Hot Work,Hot Work,Process Unit,Flammable Atmosphere,Gas Test Not Done,Fire/Explosion,Synthetic,No
0950,Electrical maintenance started without power isolation,1,Critical,Energy Isolation,Electrical Maintenance,Production Area,Electrical Energy,LOTO Not Applied,Electrocution,Synthetic,No
0951,Demolition proceeded without structural stability assessment,1,Critical,Line of Fire,Demolition Work,Construction Site,Structural Instability,Engineering Review Skipped,Structural Collapse,Synthetic,No
0952,Minor signage fading observed during routine walkthrough,0,Low,None,Inspection Round,Plant Area,Housekeeping,None,No Injury,Synthetic,No
0953,Worker positioned under partially demolished structure during work,1,Critical,Line of Fire,Demolition Work,Construction Site,Structural Instability,Engineering Review Skipped,Structural Collapse,Synthetic,No
0954,"Minor pothole noted in parking area, reported for repair",0,Low,None,Parking Area,Parking Lot,Minor Obstruction,None,No Injury,Synthetic,No
0955,Worker removed isolation lock before job completion certificate issued,1,Critical,Energy Isolation,Electrical Maintenance,Production Area,Electrical Energy,LOTO Not Applied,Electrocution,Synthetic,No
0956,Driver showed signs of fatigue during long haul transport run,1,Critical,Safe Driving,Vehicle Operation,Site Road,Moving Vehicle,Seatbelt Not Worn,Vehicle Collision,Synthetic,No
0957,Ventilation blower switched off while worker still inside vessel,1,Critical,Confined Space,Tank Entry,Tank Farm,Toxic Atmosphere,Gas Testing Skipped,Asphyxiation,Synthetic,No
0958,Worker reached into moving conveyor without lockout,1,Critical,Machine Guarding,Machine Operation,Workshop,Rotating Equipment,Guard Removed,Amputation,Synthetic,No
0959,Confined space permit expired but work continued inside tank,1,Critical,Confined Space,Vessel Cleaning,Process Unit,Inert Atmosphere,Attendant Not Present,Asphyxiation,Synthetic,No
0960,"Worker sustained minor cut while handling tools, first aid given",0,Low,None,General Maintenance,Workshop,Minor Cut Hazard,None,First Aid Case,Synthetic,No
0961,"Floor mat displaced near canteen door, minor trip risk",0,Low,None,Housekeeping,Canteen,Wet Floor,Warning Sign Missing,Minor Slip,Synthetic,No
0962,Hot work carried out without fire watch present,1,Critical,Hot Work,Hot Work,Process Unit,Flammable Atmosphere,Gas Test Not Done,Fire/Explosion,Synthetic,No
0963,Rescue plan not in place before confined space entry began,1,Critical,Confined Space,Tank Entry,Tank Farm,Toxic Atmosphere,Gas Testing Skipped,Asphyxiation,Synthetic,No
0964,Minor slip near canteen entrance due to spilled water,0,Low,None,Housekeeping,Canteen,Wet Floor,Warning Sign Missing,Minor Slip,Synthetic,No
0965,Worker contacted overhead power line while operating boom lift nearby,1,Critical,Energy Isolation,Electrical Maintenance,Substation,High Voltage Line,Isolation Point Skipped,Electrocution,Synthetic,No
0966,Minor scheduling delay reported during safety training session,0,Low,None,Training Session,Training Room,None,None,No Injury,Synthetic,No
0967,"Expired item found in store inventory, removed during check",0,Low,None,Store Room Activity,Store Room,Minor Clutter,None,No Injury,Synthetic,No
0968,Employee reported minor splinter while handling wooden pallet,0,Low,None,General Maintenance,Workshop,Minor Cut Hazard,None,First Aid Case,Synthetic,No
0969,Loose stationery observed on office desk,0,Low,None,Office Work,Office,Ergonomic,None,Minor Discomfort,Synthetic,No
0970,Small bruise reported after minor bump against equipment,0,Low,None,General Maintenance,Workshop,Minor Cut Hazard,None,First Aid Case,Synthetic,No
0971,Machine guard removed while equipment was still running,1,Critical,Machine Guarding,Machine Operation,Workshop,Rotating Equipment,Guard Removed,Amputation,Synthetic,No
0972,"Expired item found in store inventory, removed during check",0,Low,None,Store Room Activity,Store Room,Minor Clutter,None,No Injury,Synthetic,No
0973,Welding started near flammable material without hot work permit,1,Critical,Hot Work,Hot Work,Process Unit,Flammable Atmosphere,Gas Test Not Done,Fire/Explosion,Synthetic,No
0974,Marine work continued despite deteriorating weather conditions,1,Critical,Line of Fire,Diving/Marine Operations,Offshore Site,Underwater Hazard,Communication Loss,Drowning,Synthetic,No
0975,Worker removed isolation lock before job completion certificate issued,1,Critical,Energy Isolation,Electrical Maintenance,Production Area,Electrical Energy,LOTO Not Applied,Electrocution,Synthetic,No
0976,Employee exposed to acid fumes due to ventilation failure,1,Critical,Chemical Handling,Chemical Handling,Chemical Storage,Corrosive Substance,PPE Not Worn,Chemical Burn,Synthetic,No
0977,Signalman lost visual contact with crane operator during active lift,1,Critical,Line of Fire,Lifting Operations,Loading Area,Suspended Load,Exclusion Zone Breach,Fatal Crushing,Synthetic,No
0978,Small bruise reported after minor bump against equipment,0,Low,None,General Maintenance,Workshop,Minor Cut Hazard,None,First Aid Case,Synthetic,No
0979,"Tag line not used, worker exposed under suspended load near loading bay",1,Critical,Line of Fire,Lifting Operations,Loading Area,Suspended Load,Exclusion Zone Breach,Fatal Crushing,Synthetic,No
0980,Minor signage fading observed during routine walkthrough,0,Low,None,Inspection Round,Plant Area,Housekeeping,None,No Injury,Synthetic,No
0981,Padlock and tag missing on isolated breaker during panel repair,1,Critical,Energy Isolation,Electrical Maintenance,Production Area,Electrical Energy,LOTO Not Applied,Electrocution,Synthetic,No
0982,Valve opened on pressurized line without depressurizing first,1,Critical,Energy Isolation,Pressure Testing,Process Unit,Pressurized System,Isolation Not Verified,Explosion/Rupture,Synthetic,No
0983,"Minor scrape while unpacking material crate, first aid applied",0,Low,None,General Maintenance,Workshop,Minor Cut Hazard,None,First Aid Case,Synthetic,No
0984,"Minor spill near break room refrigerator, cleaned promptly",0,Low,None,Break Room Activity,Break Room,Minor Hygiene Issue,None,No Injury,Synthetic,No
0985,Paper waste bin overflowing near workstation,0,Low,None,Housekeeping,Office,Slip Hazard,None,Minor Injury,Synthetic,No
0986,"Minor clutter in break room seating area, tidied up",0,Low,None,Break Room Activity,Break Room,Minor Hygiene Issue,None,No Injury,Synthetic,No
0987,Employee exposed to acid fumes due to ventilation failure,1,Critical,Chemical Handling,Chemical Handling,Chemical Storage,Corrosive Substance,PPE Not Worn,Chemical Burn,Synthetic,No
0988,Employee reported minor splinter while handling wooden pallet,0,Low,None,General Maintenance,Workshop,Minor Cut Hazard,None,First Aid Case,Synthetic,No
0989,"Speed bump sign found faded in parking lot, replaced",0,Low,None,Parking Area,Parking Lot,Minor Obstruction,None,No Injury,Synthetic,No
0990,Employee working at height with harness lanyard unattached,1,Critical,Work at Height,Working at Height,Scaffold Area,Fall Hazard,Harness Not Anchored,Fall From Height,Synthetic,No
0991,"Minor labeling error found on stored material, corrected",0,Low,None,Store Room Activity,Store Room,Minor Clutter,None,No Injury,Synthetic,No
0992,Hot work permit expired but welding continued in process area,1,Critical,Hot Work,Hot Work,Process Unit,Flammable Atmosphere,Gas Test Not Done,Fire/Explosion,Synthetic,No
0993,"Projector malfunction reported during toolbox talk, resolved quickly",0,Low,None,Training Session,Training Room,None,None,No Injury,Synthetic,No
0994,"Coffee machine leak observed in break room, reported for repair",0,Low,None,Break Room Activity,Break Room,Minor Hygiene Issue,None,No Injury,Synthetic,No
0995,Substation cable tested without confirming de-energization,1,Critical,Energy Isolation,Electrical Maintenance,Substation,High Voltage Line,Isolation Point Skipped,Electrocution,Synthetic,No
0996,Scaffold used without completion tag or inspection sign-off,1,Critical,Work at Height,Working at Height,Scaffold Area,Fall Hazard,Harness Not Anchored,Fall From Height,Synthetic,No
0997,"Pallet placed close to walkway, minor obstruction noted",0,Low,None,Warehouse Operations,Warehouse,Stacked Material,Proper Stacking Missed,Minor Injury,Synthetic,No
0998,Minor dust accumulation observed on warehouse shelving,0,Low,None,Warehouse Operations,Warehouse,Stacked Material,Proper Stacking Missed,Minor Injury,Synthetic,No
0999,"Minor clutter observed near store room shelving, cleared promptly",0,Low,None,Store Room Activity,Store Room,Minor Clutter,None,No Injury,Synthetic,No
1000,Minor dust accumulation observed on warehouse shelving,0,Low,None,Warehouse Operations,Warehouse,Stacked Material,Proper Stacking Missed,Minor Injury,Synthetic,No
1001,Minor eye strain reported after prolonged screen use,0,Low,None,Office Work,Office,Ergonomic,None,Minor Discomfort,Synthetic,No
1002,"Minor spill near break room refrigerator, cleaned promptly",0,Low,None,Break Room Activity,Break Room,Minor Hygiene Issue,None,No Injury,Synthetic,No
1003,Employee requested footrest for ergonomic improvement,0,Low,None,Office Work,Office,Ergonomic,None,Minor Discomfort,Synthetic,No
1004,Worker fell overboard without personal flotation device worn,1,Critical,Line of Fire,Diving/Marine Operations,Offshore Site,Underwater Hazard,Communication Loss,Drowning,Synthetic,No
1005,Minor eye strain reported after prolonged screen use,0,Low,None,Office Work,Office,Ergonomic,None,Minor Discomfort,Synthetic,No
1006,Loose clothing caught near unguarded rotating shaft,1,Critical,Machine Guarding,Machine Operation,Workshop,Rotating Equipment,Guard Removed,Amputation,Synthetic,No
1007,Scaffold used without completion tag or inspection sign-off,1,Critical,Work at Height,Working at Height,Scaffold Area,Fall Hazard,Harness Not Anchored,Fall From Height,Synthetic,No
1008,Loose stationery observed on office desk,0,Low,None,Office Work,Office,Ergonomic,None,Minor Discomfort,Synthetic,No
1009,Crane hook block swung uncontrolled near working personnel,1,Critical,Line of Fire,Lifting Operations,Yard,Overhead Crane,Load Chart Exceeded,Structural Failure,Synthetic,No
1010,Welding started near flammable material without hot work permit,1,Critical,Hot Work,Hot Work,Process Unit,Flammable Atmosphere,Gas Test Not Done,Fire/Explosion,Synthetic,No
1011,Worker walked on unprotected edge at elevated platform,1,Critical,Work at Height,Working at Height,Scaffold Area,Fall Hazard,Harness Not Anchored,Fall From Height,Synthetic,No
1012,Contractor entered underground pit without confined space permit,1,Critical,Confined Space,Tank Entry,Tank Farm,Toxic Atmosphere,Gas Testing Skipped,Asphyxiation,Synthetic,No
1013,Minor eye strain reported after prolonged screen use,0,Low,None,Office Work,Office,Ergonomic,None,Minor Discomfort,Synthetic,No
1014,Minor dust accumulation observed on warehouse shelving,0,Low,None,Warehouse Operations,Warehouse,Stacked Material,Proper Stacking Missed,Minor Injury,Synthetic,No
1015,Grinding operation performed without gas testing near process unit,1,Critical,Hot Work,Hot Work,Process Unit,Flammable Atmosphere,Gas Test Not Done,Fire/Explosion,Synthetic,No
1016,Ladder access missing for worker inside deep trench,1,Critical,Excavation,Excavation Work,Pipeline Trench,Trench Collapse,No Shoring Installed,Burial/Suffocation,Synthetic,No
1017,"Wet floor in canteen without warning sign, corrected quickly",0,Low,None,Housekeeping,Canteen,Wet Floor,Warning Sign Missing,Minor Slip,Synthetic,No
1018,Worker fell overboard without personal flotation device worn,1,Critical,Line of Fire,Diving/Marine Operations,Offshore Site,Underwater Hazard,Communication Loss,Drowning,Synthetic,No
1019,"Fire extinguisher tag found slightly faded, replaced promptly",0,Low,None,Inspection Round,Plant Area,Housekeeping,None,No Injury,Synthetic,No
1020,Welding started near flammable material without hot work permit,1,Critical,Hot Work,Hot Work,Process Unit,Flammable Atmosphere,Gas Test Not Done,Fire/Explosion,Synthetic,No
1021,Excavation carried out without checking for buried utility lines,1,Critical,Excavation,Excavation Work,Pipeline Trench,Trench Collapse,No Shoring Installed,Burial/Suffocation,Synthetic,No
1022,Roof access made without anchor point for fall arrest harness,1,Critical,Work at Height,Roof Work,Rooftop,Fragile Surface,No Fall Arrest System,Fall From Height,Synthetic,No
1023,Pressure test conducted without verifying line isolation,1,Critical,Energy Isolation,Pressure Testing,Process Unit,Pressurized System,Isolation Not Verified,Explosion/Rupture,Synthetic,No
1024,"Coffee machine leak observed in break room, reported for repair",0,Low,None,Break Room Activity,Break Room,Minor Hygiene Issue,None,No Injury,Synthetic,No
1025,"Tag line not used, worker exposed under suspended load near loading bay",1,Critical,Line of Fire,Lifting Operations,Loading Area,Suspended Load,Exclusion Zone Breach,Fatal Crushing,Synthetic,No
1026,Vehicle collided with pedestrian near site gate due to speeding,1,Critical,Safe Driving,Vehicle Operation,Site Road,Moving Vehicle,Seatbelt Not Worn,Vehicle Collision,Synthetic,No
1027,Worker walked behind reversing dumper without eye contact with operator,1,Critical,Line of Fire,Mobile Equipment,Yard,Reversing Vehicle,Spotter Absent,Struck-By Injury,Synthetic,No
1028,Worker pinched finger lightly while closing toolbox,0,Low,None,General Maintenance,Workshop,Minor Cut Hazard,None,First Aid Case,Synthetic,No
1029,"Speed bump sign found faded in parking lot, replaced",0,Low,None,Parking Area,Parking Lot,Minor Obstruction,None,No Injury,Synthetic,No
1030,"Minor food spillage near canteen counter, cleaned promptly",0,Low,None,Housekeeping,Canteen,Wet Floor,Warning Sign Missing,Minor Slip,Synthetic,No
1031,Excavation work carried out without protective shoring system,1,Critical,Excavation,Excavation Work,Pipeline Trench,Trench Collapse,No Shoring Installed,Burial/Suffocation,Synthetic,No
1032,"Minor clutter observed near store room shelving, cleared promptly",0,Low,None,Store Room Activity,Store Room,Minor Clutter,None,No Injury,Synthetic,No
1033,Minor housekeeping issue near office entrance,0,Low,None,Housekeeping,Office,Slip Hazard,None,Minor Injury,Synthetic,No
1034,Interlock switch bypassed to keep production running during jam clearance,1,Critical,Machine Guarding,Machine Operation,Workshop,Rotating Equipment,Guard Removed,Amputation,Synthetic,No
1035,"Expired item found in store inventory, removed during check",0,Low,None,Store Room Activity,Store Room,Minor Clutter,None,No Injury,Synthetic,No
1036,Diver lost communication with surface team during subsea operation,1,Critical,Line of Fire,Diving/Marine Operations,Offshore Site,Underwater Hazard,Communication Loss,Drowning,Synthetic,No
1037,Diver lost communication with surface team during subsea operation,1,Critical,Line of Fire,Diving/Marine Operations,Offshore Site,Underwater Hazard,Communication Loss,Drowning,Synthetic,No
1038,Rescue plan not in place before confined space entry began,1,Critical,Confined Space,Tank Entry,Tank Farm,Toxic Atmosphere,Gas Testing Skipped,Asphyxiation,Synthetic,No
1039,"Minor material spillage in warehouse aisle, cleaned immediately",0,Low,None,Warehouse Operations,Warehouse,Stacked Material,Proper Stacking Missed,Minor Injury,Synthetic,No
1040,"Expired item found in store inventory, removed during check",0,Low,None,Store Room Activity,Store Room,Minor Clutter,None,No Injury,Synthetic,No
1041,"Projector malfunction reported during toolbox talk, resolved quickly",0,Low,None,Training Session,Training Room,None,None,No Injury,Synthetic,No
1042,Excavation carried out without checking for buried utility lines,1,Critical,Excavation,Excavation Work,Pipeline Trench,Trench Collapse,No Shoring Installed,Burial/Suffocation,Synthetic,No
1043,"Boxes stacked slightly above recommended height, corrected on observation",0,Low,None,Warehouse Operations,Warehouse,Stacked Material,Proper Stacking Missed,Minor Injury,Synthetic,No
1044,Overloaded sling used during material lifting operation,1,Critical,Line of Fire,Lifting Operations,Yard,Overhead Crane,Load Chart Exceeded,Structural Failure,Synthetic,No
1045,Employee reported minor splinter while handling wooden pallet,0,Low,None,General Maintenance,Workshop,Minor Cut Hazard,None,First Aid Case,Synthetic,No
1046,Padlock and tag missing on isolated breaker during panel repair,1,Critical,Energy Isolation,Electrical Maintenance,Production Area,Electrical Energy,LOTO Not Applied,Electrocution,Synthetic,No
1047,Minor signage fading observed during routine walkthrough,0,Low,None,Inspection Round,Plant Area,Housekeeping,None,No Injury,Synthetic,No
1048,"Minor spill near break room refrigerator, cleaned promptly",0,Low,None,Break Room Activity,Break Room,Minor Hygiene Issue,None,No Injury,Synthetic,No
1049,"Chair wheel slightly loose, reported for maintenance",0,Low,None,Housekeeping,Office,Slip Hazard,None,Minor Injury,Synthetic,No
1050,Loose stationery observed on office desk,0,Low,None,Office Work,Office,Ergonomic,None,Minor Discomfort,Synthetic,No
1051,"Minor clutter in break room seating area, tidied up",0,Low,None,Break Room Activity,Break Room,Minor Hygiene Issue,None,No Injury,Synthetic,No
1052,Forklift reversed without a spotter in congested yard area,1,Critical,Line of Fire,Mobile Equipment,Yard,Reversing Vehicle,Spotter Absent,Struck-By Injury,Synthetic,No
1053,"Worker sustained minor cut while handling tools, first aid given",0,Low,None,General Maintenance,Workshop,Minor Cut Hazard,None,First Aid Case,Synthetic,No
1054,Ladder access missing for worker inside deep trench,1,Critical,Excavation,Excavation Work,Pipeline Trench,Trench Collapse,No Shoring Installed,Burial/Suffocation,Synthetic,No
1055,Roof access made without anchor point for fall arrest harness,1,Critical,Work at Height,Roof Work,Rooftop,Fragile Surface,No Fall Arrest System,Fall From Height,Synthetic,No
1056,"Projector malfunction reported during toolbox talk, resolved quickly",0,Low,None,Training Session,Training Room,None,None,No Injury,Synthetic,No
1057,Ladder access missing for worker inside deep trench,1,Critical,Excavation,Excavation Work,Pipeline Trench,Trench Collapse,No Shoring Installed,Burial/Suffocation,Synthetic,No
1058,Heavy debris dropped near active work zone without exclusion barrier,1,Critical,Line of Fire,Demolition Work,Construction Site,Structural Instability,Engineering Review Skipped,Structural Collapse,Synthetic,No
1059,Worker walked on fragile roof sheet without crawling boards,1,Critical,Work at Height,Roof Work,Rooftop,Fragile Surface,No Fall Arrest System,Fall From Height,Synthetic,No
1060,Small bruise reported after minor bump against equipment,0,Low,None,General Maintenance,Workshop,Minor Cut Hazard,None,First Aid Case,Synthetic,No
1061,Valve opened on pressurized line without depressurizing first,1,Critical,Energy Isolation,Pressure Testing,Process Unit,Pressurized System,Isolation Not Verified,Explosion/Rupture,Synthetic,No
1062,Forklift reversed without a spotter in congested yard area,1,Critical,Line of Fire,Mobile Equipment,Yard,Reversing Vehicle,Spotter Absent,Struck-By Injury,Synthetic,No
1063,Employee reported minor splinter while handling wooden pallet,0,Low,None,General Maintenance,Workshop,Minor Cut Hazard,None,First Aid Case,Synthetic,No
1064,"Floor mat displaced near canteen door, minor trip risk",0,Low,None,Housekeeping,Canteen,Wet Floor,Warning Sign Missing,Minor Slip,Synthetic,No
1065,Scaffold used without completion tag or inspection sign-off,1,Critical,Work at Height,Working at Height,Scaffold Area,Fall Hazard,Harness Not Anchored,Fall From Height,Synthetic,No
1066,"Minor spill near break room refrigerator, cleaned promptly",0,Low,None,Break Room Activity,Break Room,Minor Hygiene Issue,None,No Injury,Synthetic,No
1067,Cutting torch used near open flammable liquid without isolation,1,Critical,Hot Work,Hot Work,Process Unit,Flammable Atmosphere,Gas Test Not Done,Fire/Explosion,Synthetic,No
1068,Worker handled corrosive chemical without proper PPE,1,Critical,Chemical Handling,Chemical Handling,Chemical Storage,Corrosive Substance,PPE Not Worn,Chemical Burn,Synthetic,No
1069,"Unlabeled bin found during safety walk, corrected on spot",0,Low,None,Inspection Round,Plant Area,Housekeeping,None,No Injury,Synthetic,No
1070,Vehicle exceeded site speed limit near pedestrian crossing,1,Critical,Safe Driving,Vehicle Operation,Site Road,Moving Vehicle,Seatbelt Not Worn,Vehicle Collision,Synthetic,No
1071,Confined space permit expired but work continued inside tank,1,Critical,Confined Space,Vessel Cleaning,Process Unit,Inert Atmosphere,Attendant Not Present,Asphyxiation,Synthetic,No
1072,Personnel walked under load being lifted by mobile crane,1,Critical,Line of Fire,Lifting Operations,Loading Area,Suspended Load,Exclusion Zone Breach,Fatal Crushing,Synthetic,No
1073,Pressure test conducted without verifying line isolation,1,Critical,Energy Isolation,Pressure Testing,Process Unit,Pressurized System,Isolation Not Verified,Explosion/Rupture,Synthetic,No
1074,"Wet floor in canteen without warning sign, corrected quickly",0,Low,None,Housekeeping,Canteen,Wet Floor,Warning Sign Missing,Minor Slip,Synthetic,No
1075,Overloaded sling used during material lifting operation,1,Critical,Line of Fire,Lifting Operations,Yard,Overhead Crane,Load Chart Exceeded,Structural Failure,Synthetic,No
1076,Employee reported minor back discomfort from office chair,0,Low,None,Office Work,Office,Ergonomic,None,Minor Discomfort,Synthetic,No
1077,"Coffee machine leak observed in break room, reported for repair",0,Low,None,Break Room Activity,Break Room,Minor Hygiene Issue,None,No Injury,Synthetic,No
1078,Loose stationery observed on office desk,0,Low,None,Housekeeping,Office,Slip Hazard,None,Minor Injury,Synthetic,No
1079,Signalman lost visual contact with crane operator during active lift,1,Critical,Line of Fire,Lifting Operations,Loading Area,Suspended Load,Exclusion Zone Breach,Fatal Crushing,Synthetic,No
1080,Personnel walked under load being lifted by mobile crane,1,Critical,Line of Fire,Lifting Operations,Loading Area,Suspended Load,Exclusion Zone Breach,Fatal Crushing,Synthetic,No
1081,Signalman lost visual contact with crane operator during active lift,1,Critical,Line of Fire,Lifting Operations,Loading Area,Suspended Load,Exclusion Zone Breach,Fatal Crushing,Synthetic,No
1082,"Minor clutter in break room seating area, tidied up",0,Low,None,Break Room Activity,Break Room,Minor Hygiene Issue,None,No Injury,Synthetic,No
1083,"Worker sustained minor cut while handling tools, first aid given",0,Low,None,General Maintenance,Workshop,Minor Cut Hazard,None,First Aid Case,Synthetic,No
1084,Minor housekeeping issue near office entrance,0,Low,None,Housekeeping,Office,Slip Hazard,None,Minor Injury,Synthetic,No
1085,"Fire extinguisher tag found slightly faded, replaced promptly",0,Low,None,Inspection Round,Plant Area,Housekeeping,None,No Injury,Synthetic,No
1086,"Projector malfunction reported during toolbox talk, resolved quickly",0,Low,None,Training Session,Training Room,None,None,No Injury,Synthetic,No
1087,Minor housekeeping issue near office entrance,0,Low,None,Housekeeping,Office,Slip Hazard,None,Minor Injury,Synthetic,No
1088,"Minor clutter in break room seating area, tidied up",0,Low,None,Break Room Activity,Break Room,Minor Hygiene Issue,None,No Injury,Synthetic,No
1089,"Cable lying on office floor, minor trip hazard noted",0,Low,None,Housekeeping,Office,Slip Hazard,None,Minor Injury,Synthetic,No
1090,"Unlabeled bin found during safety walk, corrected on spot",0,Low,None,Inspection Round,Plant Area,Housekeeping,None,No Injury,Synthetic,No
1091,Confined space entry made without permit or gas monitoring,1,Critical,Confined Space,Tank Entry,Tank Farm,Toxic Atmosphere,Gas Testing Skipped,Asphyxiation,Synthetic,No
1092,Electrician bypassed LOTO procedure while repairing motor circuit,1,Critical,Energy Isolation,Electrical Maintenance,Production Area,Electrical Energy,LOTO Not Applied,Electrocution,Synthetic,No
1093,"Projector malfunction reported during toolbox talk, resolved quickly",0,Low,None,Training Session,Training Room,None,None,No Injury,Synthetic,No
1094,"Minor clutter in break room seating area, tidied up",0,Low,None,Break Room Activity,Break Room,Minor Hygiene Issue,None,No Injury,Synthetic,No
1095,Excavation work carried out without protective shoring system,1,Critical,Excavation,Excavation Work,Pipeline Trench,Trench Collapse,No Shoring Installed,Burial/Suffocation,Synthetic,No
1096,"Minor food spillage near canteen counter, cleaned promptly",0,Low,None,Housekeeping,Canteen,Wet Floor,Warning Sign Missing,Minor Slip,Synthetic,No
1097,"Minor food spillage near canteen counter, cleaned promptly",0,Low,None,Housekeeping,Canteen,Wet Floor,Warning Sign Missing,Minor Slip,Synthetic,No
1098,Minor signage fading observed during routine walkthrough,0,Low,None,Inspection Round,Plant Area,Housekeeping,None,No Injury,Synthetic,No
1099,Minor slip near canteen entrance due to spilled water,0,Low,None,Housekeeping,Canteen,Wet Floor,Warning Sign Missing,Minor Slip,Synthetic,No
1100,Demolition proceeded without structural stability assessment,1,Critical,Line of Fire,Demolition Work,Construction Site,Structural Instability,Engineering Review Skipped,Structural Collapse,Synthetic,No
1101,"Unlabeled bin found during safety walk, corrected on spot",0,Low,None,Inspection Round,Plant Area,Housekeeping,None,No Injury,Synthetic,No
1102,"Label missing on storage bin, corrected during audit",0,Low,None,Warehouse Operations,Warehouse,Stacked Material,Proper Stacking Missed,Minor Injury,Synthetic,No
1103,Employee reported minor back discomfort from office chair,0,Low,None,Office Work,Office,Ergonomic,None,Minor Discomfort,Synthetic,No
1104,Employee reported minor back discomfort from office chair,0,Low,None,Office Work,Office,Ergonomic,None,Minor Discomfort,Synthetic,No
1105,Minor dust accumulation observed on warehouse shelving,0,Low,None,Warehouse Operations,Warehouse,Stacked Material,Proper Stacking Missed,Minor Injury,Synthetic,No
1106,"Floor mat displaced near canteen door, minor trip risk",0,Low,None,Housekeeping,Canteen,Wet Floor,Warning Sign Missing,Minor Slip,Synthetic,No
1107,Small bruise reported after minor bump against equipment,0,Low,None,General Maintenance,Workshop,Minor Cut Hazard,None,First Aid Case,Synthetic,No
1108,"Unlabeled bin found during safety walk, corrected on spot",0,Low,None,Inspection Round,Plant Area,Housekeeping,None,No Injury,Synthetic,No
1109,Demolition proceeded without structural stability assessment,1,Critical,Line of Fire,Demolition Work,Construction Site,Structural Instability,Engineering Review Skipped,Structural Collapse,Synthetic,No
1110,"Fire extinguisher tag found slightly faded, replaced promptly",0,Low,None,Inspection Round,Plant Area,Housekeeping,None,No Injury,Synthetic,No
1111,"Routine inspection found minor housekeeping gap, closed same day",0,Low,None,Inspection Round,Plant Area,Housekeeping,None,No Injury,Synthetic,No
1112,Worker stood below suspended crane load during lifting operation,1,Critical,Line of Fire,Lifting Operations,Loading Area,Suspended Load,Exclusion Zone Breach,Fatal Crushing,Synthetic,No
1113,"Attendance register missing signature, corrected same day",0,Low,None,Training Session,Training Room,None,None,No Injury,Synthetic,No
1114,Loose stationery observed on office desk,0,Low,None,Housekeeping,Office,Slip Hazard,None,Minor Injury,Synthetic,No
1115,"Projector malfunction reported during toolbox talk, resolved quickly",0,Low,None,Training Session,Training Room,None,None,No Injury,Synthetic,No
1116,"Boxes stacked slightly above recommended height, corrected on observation",0,Low,None,Warehouse Operations,Warehouse,Stacked Material,Proper Stacking Missed,Minor Injury,Synthetic,No
1117,Driver showed signs of fatigue during long haul transport run,1,Critical,Safe Driving,Vehicle Operation,Site Road,Moving Vehicle,Seatbelt Not Worn,Vehicle Collision,Synthetic,No
1118,Roof access made without anchor point for fall arrest harness,1,Critical,Work at Height,Roof Work,Rooftop,Fragile Surface,No Fall Arrest System,Fall From Height,Synthetic,No
1119,Employee exposed to acid fumes due to ventilation failure,1,Critical,Chemical Handling,Chemical Handling,Chemical Storage,Corrosive Substance,PPE Not Worn,Chemical Burn,Synthetic,No
1120,Demolition proceeded without structural stability assessment,1,Critical,Line of Fire,Demolition Work,Construction Site,Structural Instability,Engineering Review Skipped,Structural Collapse,Synthetic,No
1121,"Minor scrape while unpacking material crate, first aid applied",0,Low,None,General Maintenance,Workshop,Minor Cut Hazard,None,First Aid Case,Synthetic,No
1122,Minor slip near canteen entrance due to spilled water,0,Low,None,Housekeeping,Canteen,Wet Floor,Warning Sign Missing,Minor Slip,Synthetic,No
1123,"Wet floor in canteen without warning sign, corrected quickly",0,Low,None,Housekeeping,Canteen,Wet Floor,Warning Sign Missing,Minor Slip,Synthetic,No
1124,Demolition proceeded without structural stability assessment,1,Critical,Line of Fire,Demolition Work,Construction Site,Structural Instability,Engineering Review Skipped,Structural Collapse,Synthetic,No
1125,Pressure test conducted without verifying line isolation,1,Critical,Energy Isolation,Pressure Testing,Process Unit,Pressurized System,Isolation Not Verified,Explosion/Rupture,Synthetic,No
1126,"Pallet placed close to walkway, minor obstruction noted",0,Low,None,Warehouse Operations,Warehouse,Stacked Material,Proper Stacking Missed,Minor Injury,Synthetic,No
1127,Pressure test conducted without verifying line isolation,1,Critical,Energy Isolation,Pressure Testing,Process Unit,Pressurized System,Isolation Not Verified,Explosion/Rupture,Synthetic,No
1128,Employee entered vessel before oxygen levels were verified,1,Critical,Confined Space,Tank Entry,Tank Farm,Toxic Atmosphere,Gas Testing Skipped,Asphyxiation,Synthetic,No
1129,Loose stationery observed on office desk,0,Low,None,Office Work,Office,Ergonomic,None,Minor Discomfort,Synthetic,No
1130,Loose stationery observed on office desk,0,Low,None,Housekeeping,Office,Slip Hazard,None,Minor Injury,Synthetic,No
1131,Worker pinched finger lightly while closing toolbox,0,Low,None,General Maintenance,Workshop,Minor Cut Hazard,None,First Aid Case,Synthetic,No
1132,Loose stationery observed on office desk,0,Low,None,Office Work,Office,Ergonomic,None,Minor Discomfort,Synthetic,No
1133,Minor scheduling delay reported during safety training session,0,Low,None,Training Session,Training Room,None,None,No Injury,Synthetic,No
1134,Employee cleaned rotating equipment without stopping machine,1,Critical,Machine Guarding,Machine Operation,Workshop,Rotating Equipment,Guard Removed,Amputation,Synthetic,No
1135,"Chair wheel slightly loose, reported for maintenance",0,Low,None,Housekeeping,Office,Slip Hazard,None,Minor Injury,Synthetic,No
1136,Worker stood below suspended crane load during lifting operation,1,Critical,Line of Fire,Lifting Operations,Loading Area,Suspended Load,Exclusion Zone Breach,Fatal Crushing,Synthetic,No
1137,Skylight opening left uncovered near active roof work area,1,Critical,Work at Height,Roof Work,Rooftop,Fragile Surface,No Fall Arrest System,Fall From Height,Synthetic,No
1138,Worker contacted overhead power line while operating boom lift nearby,1,Critical,Energy Isolation,Electrical Maintenance,Substation,High Voltage Line,Isolation Point Skipped,Electrocution,Synthetic,No
1139,Worker entered unshored trench deeper than 1.5 meters,1,Critical,Excavation,Excavation Work,Pipeline Trench,Trench Collapse,No Shoring Installed,Burial/Suffocation,Synthetic,No
1140,Employee requested footrest for ergonomic improvement,0,Low,None,Office Work,Office,Ergonomic,None,Minor Discomfort,Synthetic,No
1141,"Minor pothole noted in parking area, reported for repair",0,Low,None,Parking Area,Parking Lot,Minor Obstruction,None,No Injury,Synthetic,No
1142,Skylight opening left uncovered near active roof work area,1,Critical,Work at Height,Roof Work,Rooftop,Fragile Surface,No Fall Arrest System,Fall From Height,Synthetic,No
1143,"Speed bump sign found faded in parking lot, replaced",0,Low,None,Parking Area,Parking Lot,Minor Obstruction,None,No Injury,Synthetic,No
1144,"Minor pothole noted in parking area, reported for repair",0,Low,None,Parking Area,Parking Lot,Minor Obstruction,None,No Injury,Synthetic,No
1145,Monitor height adjustment requested for workstation comfort,0,Low,None,Office Work,Office,Ergonomic,None,Minor Discomfort,Synthetic,No
1146,"Boxes stacked slightly above recommended height, corrected on observation",0,Low,None,Warehouse Operations,Warehouse,Stacked Material,Proper Stacking Missed,Minor Injury,Synthetic,No
1147,Vessel cleaning started without a standby attendant at entry point,1,Critical,Confined Space,Vessel Cleaning,Process Unit,Inert Atmosphere,Attendant Not Present,Asphyxiation,Synthetic,No
1148,Electrical maintenance started without power isolation,1,Critical,Energy Isolation,Electrical Maintenance,Production Area,Electrical Energy,LOTO Not Applied,Electrocution,Synthetic,No
1149,Crane hook block swung uncontrolled near working personnel,1,Critical,Line of Fire,Lifting Operations,Yard,Overhead Crane,Load Chart Exceeded,Structural Failure,Synthetic,No
1150,Minor documentation gap noted during routine audit,0,Low,None,Inspection Round,Plant Area,Housekeeping,None,No Injury,Synthetic,No
1151,Crane hook block swung uncontrolled near working personnel,1,Critical,Line of Fire,Lifting Operations,Yard,Overhead Crane,Load Chart Exceeded,Structural Failure,Synthetic,No
1152,"Minor pothole noted in parking area, reported for repair",0,Low,None,Parking Area,Parking Lot,Minor Obstruction,None,No Injury,Synthetic,No
1153,"Minor food spillage near canteen counter, cleaned promptly",0,Low,None,Housekeeping,Canteen,Wet Floor,Warning Sign Missing,Minor Slip,Synthetic,No
1154,Incompatible chemicals stored together causing reactive spill risk,1,Critical,Chemical Handling,Chemical Handling,Chemical Storage,Corrosive Substance,PPE Not Worn,Chemical Burn,Synthetic,No
1155,"Projector malfunction reported during toolbox talk, resolved quickly",0,Low,None,Training Session,Training Room,None,None,No Injury,Synthetic,No
1156,"Worker sustained minor cut while handling tools, first aid given",0,Low,None,General Maintenance,Workshop,Minor Cut Hazard,None,First Aid Case,Synthetic,No
1157,Marine work continued despite deteriorating weather conditions,1,Critical,Line of Fire,Diving/Marine Operations,Offshore Site,Underwater Hazard,Communication Loss,Drowning,Synthetic,No
1158,Minor scheduling delay reported during safety training session,0,Low,None,Training Session,Training Room,None,None,No Injury,Synthetic,No
1159,Employee reported minor back discomfort from office chair,0,Low,None,Office Work,Office,Ergonomic,None,Minor Discomfort,Synthetic,No
1160,Paper waste bin overflowing near workstation,0,Low,None,Housekeeping,Office,Slip Hazard,None,Minor Injury,Synthetic,No
1161,Ladder access missing for worker inside deep trench,1,Critical,Excavation,Excavation Work,Pipeline Trench,Trench Collapse,No Shoring Installed,Burial/Suffocation,Synthetic,No
1162,"Speed bump sign found faded in parking lot, replaced",0,Low,None,Parking Area,Parking Lot,Minor Obstruction,None,No Injury,Synthetic,No
1163,"Tag line not used, worker exposed under suspended load near loading bay",1,Critical,Line of Fire,Lifting Operations,Loading Area,Suspended Load,Exclusion Zone Breach,Fatal Crushing,Synthetic,No
1164,"Minor labeling error found on stored material, corrected",0,Low,None,Store Room Activity,Store Room,Minor Clutter,None,No Injury,Synthetic,No
1165,Worker reached into moving conveyor without lockout,1,Critical,Machine Guarding,Machine Operation,Workshop,Rotating Equipment,Guard Removed,Amputation,Synthetic,No
1166,"Projector malfunction reported during toolbox talk, resolved quickly",0,Low,None,Training Session,Training Room,None,None,No Injury,Synthetic,No
1167,"Attendance register missing signature, corrected same day",0,Low,None,Training Session,Training Room,None,None,No Injury,Synthetic,No
1168,Worker entered unshored trench deeper than 1.5 meters,1,Critical,Excavation,Excavation Work,Pipeline Trench,Trench Collapse,No Shoring Installed,Burial/Suffocation,Synthetic,No
1169,"Speed bump sign found faded in parking lot, replaced",0,Low,None,Parking Area,Parking Lot,Minor Obstruction,None,No Injury,Synthetic,No
1170,Truck reversed without spotter near active work zone,1,Critical,Safe Driving,Vehicle Operation,Site Road,Moving Vehicle,Seatbelt Not Worn,Vehicle Collision,Synthetic,No
1171,"Minor labeling error found on stored material, corrected",0,Low,None,Store Room Activity,Store Room,Minor Clutter,None,No Injury,Synthetic,No
1172,Heavy debris dropped near active work zone without exclusion barrier,1,Critical,Line of Fire,Demolition Work,Construction Site,Structural Instability,Engineering Review Skipped,Structural Collapse,Synthetic,No
1173,Worker entered tank without atmospheric gas testing,1,Critical,Confined Space,Tank Entry,Tank Farm,Toxic Atmosphere,Gas Testing Skipped,Asphyxiation,Synthetic,No
1174,"Minor pothole noted in parking area, reported for repair",0,Low,None,Parking Area,Parking Lot,Minor Obstruction,None,No Injury,Synthetic,No
1175,"Vehicle parked slightly outside marked bay, corrected on observation",0,Low,None,Parking Area,Parking Lot,Minor Obstruction,None,No Injury,Synthetic,No
1176,"Minor material spillage in warehouse aisle, cleaned immediately",0,Low,None,Warehouse Operations,Warehouse,Stacked Material,Proper Stacking Missed,Minor Injury,Synthetic,No
1177,Pressure test conducted without verifying line isolation,1,Critical,Energy Isolation,Pressure Testing,Process Unit,Pressurized System,Isolation Not Verified,Explosion/Rupture,Synthetic,No
1178,"Small water spill near pantry area, promptly cleaned",0,Low,None,Housekeeping,Office,Slip Hazard,None,Minor Injury,Synthetic,No
1179,Worker handled corrosive chemical without proper PPE,1,Critical,Chemical Handling,Chemical Handling,Chemical Storage,Corrosive Substance,PPE Not Worn,Chemical Burn,Synthetic,No
1180,Driver did not wear seatbelt during transport on plant road,1,Critical,Safe Driving,Vehicle Operation,Site Road,Moving Vehicle,Seatbelt Not Worn,Vehicle Collision,Synthetic,No
1181,Sparks from grinding ignited nearby oily rags in work area,1,Critical,Hot Work,Hot Work,Process Unit,Flammable Atmosphere,Gas Test Not Done,Fire/Explosion,Synthetic,No
1182,"Minor pothole noted in parking area, reported for repair",0,Low,None,Parking Area,Parking Lot,Minor Obstruction,None,No Injury,Synthetic,No
1183,Monitor height adjustment requested for workstation comfort,0,Low,None,Office Work,Office,Ergonomic,None,Minor Discomfort,Synthetic,No
1184,Worker stood in line of fire while pressure testing pipeline,1,Critical,Energy Isolation,Pressure Testing,Process Unit,Pressurized System,Isolation Not Verified,Explosion/Rupture,Synthetic,No
1185,Heavy debris dropped near active work zone without exclusion barrier,1,Critical,Line of Fire,Demolition Work,Construction Site,Structural Instability,Engineering Review Skipped,Structural Collapse,Synthetic,No
1186,"Vehicle parked slightly outside marked bay, corrected on observation",0,Low,None,Parking Area,Parking Lot,Minor Obstruction,None,No Injury,Synthetic,No
1187,Employee entered vessel before oxygen levels were verified,1,Critical,Confined Space,Tank Entry,Tank Farm,Toxic Atmosphere,Gas Testing Skipped,Asphyxiation,Synthetic,No
1188,Minor dust accumulation observed on warehouse shelving,0,Low,None,Warehouse Operations,Warehouse,Stacked Material,Proper Stacking Missed,Minor Injury,Synthetic,No
1189,Trench walls collapsed while worker was inside unsupported excavation,1,Critical,Excavation,Excavation Work,Pipeline Trench,Trench Collapse,No Shoring Installed,Burial/Suffocation,Synthetic,No
1190,Worker climbed scaffold without securing safety harness,1,Critical,Work at Height,Working at Height,Scaffold Area,Fall Hazard,Harness Not Anchored,Fall From Height,Synthetic,No
1191,"Chair wheel slightly loose, reported for maintenance",0,Low,None,Housekeeping,Office,Slip Hazard,None,Minor Injury,Synthetic,No
1192,Truck reversed without spotter near active work zone,1,Critical,Safe Driving,Vehicle Operation,Site Road,Moving Vehicle,Seatbelt Not Worn,Vehicle Collision,Synthetic,No
1193,Driver did not wear seatbelt during transport on plant road,1,Critical,Safe Driving,Vehicle Operation,Site Road,Moving Vehicle,Seatbelt Not Worn,Vehicle Collision,Synthetic,No
1194,Demolition proceeded without structural stability assessment,1,Critical,Line of Fire,Demolition Work,Construction Site,Structural Instability,Engineering Review Skipped,Structural Collapse,Synthetic,No
1195,Employee exposed to acid fumes due to ventilation failure,1,Critical,Chemical Handling,Chemical Handling,Chemical Storage,Corrosive Substance,PPE Not Worn,Chemical Burn,Synthetic,No
1196,"Routine inspection found minor housekeeping gap, closed same day",0,Low,None,Inspection Round,Plant Area,Housekeeping,None,No Injury,Synthetic,No
1197,"Projector malfunction reported during toolbox talk, resolved quickly",0,Low,None,Training Session,Training Room,None,None,No Injury,Synthetic,No
1198,Loader operated near pedestrian walkway without horn warning,1,Critical,Line of Fire,Mobile Equipment,Yard,Reversing Vehicle,Spotter Absent,Struck-By Injury,Synthetic,No
1199,Truck reversed without spotter near active work zone,1,Critical,Safe Driving,Vehicle Operation,Site Road,Moving Vehicle,Seatbelt Not Worn,Vehicle Collision,Synthetic,No
1200,Rescue plan not in place before confined space entry began,1,Critical,Confined Space,Tank Entry,Tank Farm,Toxic Atmosphere,Gas Testing Skipped,Asphyxiation,Synthetic,No
1201,Welding started near flammable material without hot work permit,1,Critical,Hot Work,Hot Work,Process Unit,Flammable Atmosphere,Gas Test Not Done,Fire/Explosion,Synthetic,No
1202,"Routine inspection found minor housekeeping gap, closed same day",0,Low,None,Inspection Round,Plant Area,Housekeeping,None,No Injury,Synthetic,No
1203,Valve opened on pressurized line without depressurizing first,1,Critical,Energy Isolation,Pressure Testing,Process Unit,Pressurized System,Isolation Not Verified,Explosion/Rupture,Synthetic,No
1204,Incompatible chemicals stored together causing reactive spill risk,1,Critical,Chemical Handling,Chemical Handling,Chemical Storage,Corrosive Substance,PPE Not Worn,Chemical Burn,Synthetic,No
1205,Minor housekeeping issue near office entrance,0,Low,None,Housekeeping,Office,Slip Hazard,None,Minor Injury,Synthetic,No
1206,"Expired item found in store inventory, removed during check",0,Low,None,Store Room Activity,Store Room,Minor Clutter,None,No Injury,Synthetic,No
1207,"Projector malfunction reported during toolbox talk, resolved quickly",0,Low,None,Training Session,Training Room,None,None,No Injury,Synthetic,No
1208,"Worker sustained minor cut while handling tools, first aid given",0,Low,None,General Maintenance,Workshop,Minor Cut Hazard,None,First Aid Case,Synthetic,No
1209,Demolition proceeded without structural stability assessment,1,Critical,Line of Fire,Demolition Work,Construction Site,Structural Instability,Engineering Review Skipped,Structural Collapse,Synthetic,No
1210,Paper waste bin overflowing near workstation,0,Low,None,Housekeeping,Office,Slip Hazard,None,Minor Injury,Synthetic,No
1211,Worker walked on unprotected edge at elevated platform,1,Critical,Work at Height,Working at Height,Scaffold Area,Fall Hazard,Harness Not Anchored,Fall From Height,Synthetic,No
1212,"Floor mat displaced near canteen door, minor trip risk",0,Low,None,Housekeeping,Canteen,Wet Floor,Warning Sign Missing,Minor Slip,Synthetic,No
1213,"Minor clutter observed near store room shelving, cleared promptly",0,Low,None,Store Room Activity,Store Room,Minor Clutter,None,No Injury,Synthetic,No
1214,Padlock and tag missing on isolated breaker during panel repair,1,Critical,Energy Isolation,Electrical Maintenance,Production Area,Electrical Energy,LOTO Not Applied,Electrocution,Synthetic,No
1215,Employee requested footrest for ergonomic improvement,0,Low,None,Office Work,Office,Ergonomic,None,Minor Discomfort,Synthetic,No
1216,Scaffold used without completion tag or inspection sign-off,1,Critical,Work at Height,Working at Height,Scaffold Area,Fall Hazard,Harness Not Anchored,Fall From Height,Synthetic,No
1217,"Pallet placed close to walkway, minor obstruction noted",0,Low,None,Warehouse Operations,Warehouse,Stacked Material,Proper Stacking Missed,Minor Injury,Synthetic,No
1218,"Chair wheel slightly loose, reported for maintenance",0,Low,None,Housekeeping,Office,Slip Hazard,None,Minor Injury,Synthetic,No
1219,"Attendance register missing signature, corrected same day",0,Low,None,Training Session,Training Room,None,None,No Injury,Synthetic,No
1220,Worker handled corrosive chemical without proper PPE,1,Critical,Chemical Handling,Chemical Handling,Chemical Storage,Corrosive Substance,PPE Not Worn,Chemical Burn,Synthetic,No
1221,Employee reported minor splinter while handling wooden pallet,0,Low,None,General Maintenance,Workshop,Minor Cut Hazard,None,First Aid Case,Synthetic,No
1222,Diver lost communication with surface team during subsea operation,1,Critical,Line of Fire,Diving/Marine Operations,Offshore Site,Underwater Hazard,Communication Loss,Drowning,Synthetic,No
1223,Vehicle exceeded site speed limit near pedestrian crossing,1,Critical,Safe Driving,Vehicle Operation,Site Road,Moving Vehicle,Seatbelt Not Worn,Vehicle Collision,Synthetic,No
1224,Trench walls collapsed while worker was inside unsupported excavation,1,Critical,Excavation,Excavation Work,Pipeline Trench,Trench Collapse,No Shoring Installed,Burial/Suffocation,Synthetic,No
1225,Worker walked behind reversing dumper without eye contact with operator,1,Critical,Line of Fire,Mobile Equipment,Yard,Reversing Vehicle,Spotter Absent,Struck-By Injury,Synthetic,No
1226,Worker handled corrosive chemical without proper PPE,1,Critical,Chemical Handling,Chemical Handling,Chemical Storage,Corrosive Substance,PPE Not Worn,Chemical Burn,Synthetic,No
1227,Roof access made without anchor point for fall arrest harness,1,Critical,Work at Height,Roof Work,Rooftop,Fragile Surface,No Fall Arrest System,Fall From Height,Synthetic,No
1228,"Minor pothole noted in parking area, reported for repair",0,Low,None,Parking Area,Parking Lot,Minor Obstruction,None,No Injury,Synthetic,No
1229,Worker entered tank without atmospheric gas testing,1,Critical,Confined Space,Tank Entry,Tank Farm,Toxic Atmosphere,Gas Testing Skipped,Asphyxiation,Synthetic,No
1230,Cutting torch used near open flammable liquid without isolation,1,Critical,Hot Work,Hot Work,Process Unit,Flammable Atmosphere,Gas Test Not Done,Fire/Explosion,Synthetic,No
1231,"Minor spill near break room refrigerator, cleaned promptly",0,Low,None,Break Room Activity,Break Room,Minor Hygiene Issue,None,No Injury,Synthetic,No
1232,Excavation work carried out without protective shoring system,1,Critical,Excavation,Excavation Work,Pipeline Trench,Trench Collapse,No Shoring Installed,Burial/Suffocation,Synthetic,No
1233,"Speed bump sign found faded in parking lot, replaced",0,Low,None,Parking Area,Parking Lot,Minor Obstruction,None,No Injury,Synthetic,No
1234,Worker entered unshored trench deeper than 1.5 meters,1,Critical,Excavation,Excavation Work,Pipeline Trench,Trench Collapse,No Shoring Installed,Burial/Suffocation,Synthetic,No
1235,"Attendance register missing signature, corrected same day",0,Low,None,Training Session,Training Room,None,None,No Injury,Synthetic,No
1236,"Small water spill near pantry area, promptly cleaned",0,Low,None,Housekeeping,Office,Slip Hazard,None,Minor Injury,Synthetic,No
1237,Valve opened on pressurized line without depressurizing first,1,Critical,Energy Isolation,Pressure Testing,Process Unit,Pressurized System,Isolation Not Verified,Explosion/Rupture,Synthetic,No
1238,Scaffold used without completion tag or inspection sign-off,1,Critical,Work at Height,Working at Height,Scaffold Area,Fall Hazard,Harness Not Anchored,Fall From Height,Synthetic,No
1239,"Attendance register missing signature, corrected same day",0,Low,None,Training Session,Training Room,None,None,No Injury,Synthetic,No
1240,Worker climbed scaffold without securing safety harness,1,Critical,Work at Height,Working at Height,Scaffold Area,Fall Hazard,Harness Not Anchored,Fall From Height,Synthetic,No
1241,Substation cable tested without confirming de-energization,1,Critical,Energy Isolation,Electrical Maintenance,Substation,High Voltage Line,Isolation Point Skipped,Electrocution,Synthetic,No
1242,Padlock and tag missing on isolated breaker during panel repair,1,Critical,Energy Isolation,Electrical Maintenance,Production Area,Electrical Energy,LOTO Not Applied,Electrocution,Synthetic,No
1243,Paper waste bin overflowing near workstation,0,Low,None,Housekeeping,Office,Slip Hazard,None,Minor Injury,Synthetic,No
1244,"Minor scrape while unpacking material crate, first aid applied",0,Low,None,General Maintenance,Workshop,Minor Cut Hazard,None,First Aid Case,Synthetic,No
1245,Forklift reversed without a spotter in congested yard area,1,Critical,Line of Fire,Mobile Equipment,Yard,Reversing Vehicle,Spotter Absent,Struck-By Injury,Synthetic,No
1246,Small bruise reported after minor bump against equipment,0,Low,None,General Maintenance,Workshop,Minor Cut Hazard,None,First Aid Case,Synthetic,No
1247,Minor dust accumulation observed on warehouse shelving,0,Low,None,Warehouse Operations,Warehouse,Stacked Material,Proper Stacking Missed,Minor Injury,Synthetic,No
1248,Substation cable tested without confirming de-energization,1,Critical,Energy Isolation,Electrical Maintenance,Substation,High Voltage Line,Isolation Point Skipped,Electrocution,Synthetic,No
1249,"Cable lying on office floor, minor trip hazard noted",0,Low,None,Housekeeping,Office,Slip Hazard,None,Minor Injury,Synthetic,No
1250,Driver showed signs of fatigue during long haul transport run,1,Critical,Safe Driving,Vehicle Operation,Site Road,Moving Vehicle,Seatbelt Not Worn,Vehicle Collision,Synthetic,No
1251,Minor scheduling delay reported during safety training session,0,Low,None,Training Session,Training Room,None,None,No Injury,Synthetic,No
1252,"Worker sustained minor cut while handling tools, first aid given",0,Low,None,General Maintenance,Workshop,Minor Cut Hazard,None,First Aid Case,Synthetic,No
1253,Valve opened on pressurized line without depressurizing first,1,Critical,Energy Isolation,Pressure Testing,Process Unit,Pressurized System,Isolation Not Verified,Explosion/Rupture,Synthetic,No
1254,"Coffee machine leak observed in break room, reported for repair",0,Low,None,Break Room Activity,Break Room,Minor Hygiene Issue,None,No Injury,Synthetic,No
1255,Employee reported minor splinter while handling wooden pallet,0,Low,None,General Maintenance,Workshop,Minor Cut Hazard,None,First Aid Case,Synthetic,No
1256,Minor signage fading observed during routine walkthrough,0,Low,None,Inspection Round,Plant Area,Housekeeping,None,No Injury,Synthetic,No
1257,Small bruise reported after minor bump against equipment,0,Low,None,General Maintenance,Workshop,Minor Cut Hazard,None,First Aid Case,Synthetic,No
1258,Load lifted without verifying rigging certification,1,Critical,Line of Fire,Lifting Operations,Yard,Overhead Crane,Load Chart Exceeded,Structural Failure,Synthetic,No
1259,Forklift reversed without a spotter in congested yard area,1,Critical,Line of Fire,Mobile Equipment,Yard,Reversing Vehicle,Spotter Absent,Struck-By Injury,Synthetic,No
1260,Loose stationery observed on office desk,0,Low,None,Office Work,Office,Ergonomic,None,Minor Discomfort,Synthetic,No
1261,"Minor scrape while unpacking material crate, first aid applied",0,Low,None,General Maintenance,Workshop,Minor Cut Hazard,None,First Aid Case,Synthetic,No
1262,Machine guard removed while equipment was still running,1,Critical,Machine Guarding,Machine Operation,Workshop,Rotating Equipment,Guard Removed,Amputation,Synthetic,No
1263,Welding started near flammable material without hot work permit,1,Critical,Hot Work,Hot Work,Process Unit,Flammable Atmosphere,Gas Test Not Done,Fire/Explosion,Synthetic,No
1264,Minor dust accumulation observed on warehouse shelving,0,Low,None,Warehouse Operations,Warehouse,Stacked Material,Proper Stacking Missed,Minor Injury,Synthetic,No
1265,"Minor food spillage near canteen counter, cleaned promptly",0,Low,None,Housekeeping,Canteen,Wet Floor,Warning Sign Missing,Minor Slip,Synthetic,No
1266,Demolition proceeded without structural stability assessment,1,Critical,Line of Fire,Demolition Work,Construction Site,Structural Instability,Engineering Review Skipped,Structural Collapse,Synthetic,No
1267,Truck reversed without spotter near active work zone,1,Critical,Safe Driving,Vehicle Operation,Site Road,Moving Vehicle,Seatbelt Not Worn,Vehicle Collision,Synthetic,No
1268,"Vehicle parked slightly outside marked bay, corrected on observation",0,Low,None,Parking Area,Parking Lot,Minor Obstruction,None,No Injury,Synthetic,No
1269,Worker positioned under partially demolished structure during work,1,Critical,Line of Fire,Demolition Work,Construction Site,Structural Instability,Engineering Review Skipped,Structural Collapse,Synthetic,No
1270,Minor dust accumulation observed on warehouse shelving,0,Low,None,Warehouse Operations,Warehouse,Stacked Material,Proper Stacking Missed,Minor Injury,Synthetic,No
1271,"Chair wheel slightly loose, reported for maintenance",0,Low,None,Housekeeping,Office,Slip Hazard,None,Minor Injury,Synthetic,No
1272,"Small water spill near pantry area, promptly cleaned",0,Low,None,Housekeeping,Office,Slip Hazard,None,Minor Injury,Synthetic,No
1273,Ventilation blower switched off while worker still inside vessel,1,Critical,Confined Space,Tank Entry,Tank Farm,Toxic Atmosphere,Gas Testing Skipped,Asphyxiation,Synthetic,No
1274,Worker entered nitrogen-purged vessel without gas test clearance,1,Critical,Confined Space,Vessel Cleaning,Process Unit,Inert Atmosphere,Attendant Not Present,Asphyxiation,Synthetic,No
1275,Demolition proceeded without structural stability assessment,1,Critical,Line of Fire,Demolition Work,Construction Site,Structural Instability,Engineering Review Skipped,Structural Collapse,Synthetic,No
1276,Grinding operation performed without gas testing near process unit,1,Critical,Hot Work,Hot Work,Process Unit,Flammable Atmosphere,Gas Test Not Done,Fire/Explosion,Synthetic,No
1277,Forklift reversed without a spotter in congested yard area,1,Critical,Line of Fire,Mobile Equipment,Yard,Reversing Vehicle,Spotter Absent,Struck-By Injury,Synthetic,No
1278,"Minor clutter observed near store room shelving, cleared promptly",0,Low,None,Store Room Activity,Store Room,Minor Clutter,None,No Injury,Synthetic,No
1279,Loose stationery observed on office desk,0,Low,None,Office Work,Office,Ergonomic,None,Minor Discomfort,Synthetic,No
1280,"Minor clutter observed near store room shelving, cleared promptly",0,Low,None,Store Room Activity,Store Room,Minor Clutter,None,No Injury,Synthetic,No
1281,Worker fell overboard without personal flotation device worn,1,Critical,Line of Fire,Diving/Marine Operations,Offshore Site,Underwater Hazard,Communication Loss,Drowning,Synthetic,No
1282,Contractor entered underground pit without confined space permit,1,Critical,Confined Space,Tank Entry,Tank Farm,Toxic Atmosphere,Gas Testing Skipped,Asphyxiation,Synthetic,No
1283,"Routine inspection found minor housekeeping gap, closed same day",0,Low,None,Inspection Round,Plant Area,Housekeeping,None,No Injury,Synthetic,No
1284,Worker entered nitrogen-purged vessel without gas test clearance,1,Critical,Confined Space,Vessel Cleaning,Process Unit,Inert Atmosphere,Attendant Not Present,Asphyxiation,Synthetic,No
1285,Electrician bypassed LOTO procedure while repairing motor circuit,1,Critical,Energy Isolation,Electrical Maintenance,Production Area,Electrical Energy,LOTO Not Applied,Electrocution,Synthetic,No
1286,Worker positioned under partially demolished structure during work,1,Critical,Line of Fire,Demolition Work,Construction Site,Structural Instability,Engineering Review Skipped,Structural Collapse,Synthetic,No
1287,Substation cable tested without confirming de-energization,1,Critical,Energy Isolation,Electrical Maintenance,Substation,High Voltage Line,Isolation Point Skipped,Electrocution,Synthetic,No
1288,Loose stationery observed on office desk,0,Low,None,Office Work,Office,Ergonomic,None,Minor Discomfort,Synthetic,No
1289,"Speed bump sign found faded in parking lot, replaced",0,Low,None,Parking Area,Parking Lot,Minor Obstruction,None,No Injury,Synthetic,No
1290,Pressure test conducted without verifying line isolation,1,Critical,Energy Isolation,Pressure Testing,Process Unit,Pressurized System,Isolation Not Verified,Explosion/Rupture,Synthetic,No
1291,Load lifted without verifying rigging certification,1,Critical,Line of Fire,Lifting Operations,Yard,Overhead Crane,Load Chart Exceeded,Structural Failure,Synthetic,No
1292,Personnel removed guardrail without fall protection in place,1,Critical,Work at Height,Working at Height,Scaffold Area,Fall Hazard,Harness Not Anchored,Fall From Height,Synthetic,No
1293,Employee working at height with harness lanyard unattached,1,Critical,Work at Height,Working at Height,Scaffold Area,Fall Hazard,Harness Not Anchored,Fall From Height,Synthetic,No
1294,"Speed bump sign found faded in parking lot, replaced",0,Low,None,Parking Area,Parking Lot,Minor Obstruction,None,No Injury,Synthetic,No
1295,Substation cable tested without confirming de-energization,1,Critical,Energy Isolation,Electrical Maintenance,Substation,High Voltage Line,Isolation Point Skipped,Electrocution,Synthetic,No
1296,Crane hook block swung uncontrolled near working personnel,1,Critical,Line of Fire,Lifting Operations,Yard,Overhead Crane,Load Chart Exceeded,Structural Failure,Synthetic,No
1297,"Minor spill near break room refrigerator, cleaned promptly",0,Low,None,Break Room Activity,Break Room,Minor Hygiene Issue,None,No Injury,Synthetic,No
1298,"Boxes stacked slightly above recommended height, corrected on observation",0,Low,None,Warehouse Operations,Warehouse,Stacked Material,Proper Stacking Missed,Minor Injury,Synthetic,No
1299,Employee reported minor splinter while handling wooden pallet,0,Low,None,General Maintenance,Workshop,Minor Cut Hazard,None,First Aid Case,Synthetic,No
1300,"Projector malfunction reported during toolbox talk, resolved quickly",0,Low,None,Training Session,Training Room,None,None,No Injury,Synthetic,No
1301,Monitor height adjustment requested for workstation comfort,0,Low,None,Office Work,Office,Ergonomic,None,Minor Discomfort,Synthetic,No
1302,Employee reported minor back discomfort from office chair,0,Low,None,Office Work,Office,Ergonomic,None,Minor Discomfort,Synthetic,No
1303,"Minor material spillage in warehouse aisle, cleaned immediately",0,Low,None,Warehouse Operations,Warehouse,Stacked Material,Proper Stacking Missed,Minor Injury,Synthetic,No
1304,Worker fell overboard without personal flotation device worn,1,Critical,Line of Fire,Diving/Marine Operations,Offshore Site,Underwater Hazard,Communication Loss,Drowning,Synthetic,No
1305,"Boxes stacked slightly above recommended height, corrected on observation",0,Low,None,Warehouse Operations,Warehouse,Stacked Material,Proper Stacking Missed,Minor Injury,Synthetic,No
1306,Employee reported minor back discomfort from office chair,0,Low,None,Office Work,Office,Ergonomic,None,Minor Discomfort,Synthetic,No
1307,Worker entered nitrogen-purged vessel without gas test clearance,1,Critical,Confined Space,Vessel Cleaning,Process Unit,Inert Atmosphere,Attendant Not Present,Asphyxiation,Synthetic,No
1308,Worker stood in line of fire while pressure testing pipeline,1,Critical,Energy Isolation,Pressure Testing,Process Unit,Pressurized System,Isolation Not Verified,Explosion/Rupture,Synthetic,No
1309,"Small water spill near pantry area, promptly cleaned",0,Low,None,Housekeeping,Office,Slip Hazard,None,Minor Injury,Synthetic,No
1310,"Projector malfunction reported during toolbox talk, resolved quickly",0,Low,None,Training Session,Training Room,None,None,No Injury,Synthetic,No
1311,Worker walked on fragile roof sheet without crawling boards,1,Critical,Work at Height,Roof Work,Rooftop,Fragile Surface,No Fall Arrest System,Fall From Height,Synthetic,No
1312,Small bruise reported after minor bump against equipment,0,Low,None,General Maintenance,Workshop,Minor Cut Hazard,None,First Aid Case,Synthetic,No
1313,Small bruise reported after minor bump against equipment,0,Low,None,General Maintenance,Workshop,Minor Cut Hazard,None,First Aid Case,Synthetic,No
1314,Skylight opening left uncovered near active roof work area,1,Critical,Work at Height,Roof Work,Rooftop,Fragile Surface,No Fall Arrest System,Fall From Height,Synthetic,No
1315,Electrical maintenance started without power isolation,1,Critical,Energy Isolation,Electrical Maintenance,Production Area,Electrical Energy,LOTO Not Applied,Electrocution,Synthetic,No
1316,"Minor clutter observed near store room shelving, cleared promptly",0,Low,None,Store Room Activity,Store Room,Minor Clutter,None,No Injury,Synthetic,No
1317,"Routine inspection found minor housekeeping gap, closed same day",0,Low,None,Inspection Round,Plant Area,Housekeeping,None,No Injury,Synthetic,No
1318,Loose stationery observed on office desk,0,Low,None,Office Work,Office,Ergonomic,None,Minor Discomfort,Synthetic,No
1319,"Small water spill near pantry area, promptly cleaned",0,Low,None,Housekeeping,Office,Slip Hazard,None,Minor Injury,Synthetic,No
1320,Monitor height adjustment requested for workstation comfort,0,Low,None,Office Work,Office,Ergonomic,None,Minor Discomfort,Synthetic,No
1321,"Minor labeling error found on stored material, corrected",0,Low,None,Store Room Activity,Store Room,Minor Clutter,None,No Injury,Synthetic,No
1322,"Minor clutter observed near store room shelving, cleared promptly",0,Low,None,Store Room Activity,Store Room,Minor Clutter,None,No Injury,Synthetic,No
1323,Forklift reversed without a spotter in congested yard area,1,Critical,Line of Fire,Mobile Equipment,Yard,Reversing Vehicle,Spotter Absent,Struck-By Injury,Synthetic,No
1324,"Minor spill near break room refrigerator, cleaned promptly",0,Low,None,Break Room Activity,Break Room,Minor Hygiene Issue,None,No Injury,Synthetic,No
1325,Marine work continued despite deteriorating weather conditions,1,Critical,Line of Fire,Diving/Marine Operations,Offshore Site,Underwater Hazard,Communication Loss,Drowning,Synthetic,No
1326,"Minor clutter in break room seating area, tidied up",0,Low,None,Break Room Activity,Break Room,Minor Hygiene Issue,None,No Injury,Synthetic,No
1327,Employee reported minor back discomfort from office chair,0,Low,None,Office Work,Office,Ergonomic,None,Minor Discomfort,Synthetic,No
1328,Minor slip near canteen entrance due to spilled water,0,Low,None,Housekeeping,Canteen,Wet Floor,Warning Sign Missing,Minor Slip,Synthetic,No
1329,Worker stood in line of fire while pressure testing pipeline,1,Critical,Energy Isolation,Pressure Testing,Process Unit,Pressurized System,Isolation Not Verified,Explosion/Rupture,Synthetic,No
1330,Heavy debris dropped near active work zone without exclusion barrier,1,Critical,Line of Fire,Demolition Work,Construction Site,Structural Instability,Engineering Review Skipped,Structural Collapse,Synthetic,No
1331,"Cable lying on office floor, minor trip hazard noted",0,Low,None,Housekeeping,Office,Slip Hazard,None,Minor Injury,Synthetic,No
1332,"Attendance register missing signature, corrected same day",0,Low,None,Training Session,Training Room,None,None,No Injury,Synthetic,No
1333,"Fire extinguisher tag found slightly faded, replaced promptly",0,Low,None,Inspection Round,Plant Area,Housekeeping,None,No Injury,Synthetic,No
1334,Technician worked on live panel without lockout tagout,1,Critical,Energy Isolation,Electrical Maintenance,Production Area,Electrical Energy,LOTO Not Applied,Electrocution,Synthetic,No
1335,Minor signage fading observed during routine walkthrough,0,Low,None,Inspection Round,Plant Area,Housekeeping,None,No Injury,Synthetic,No
1336,"Projector malfunction reported during toolbox talk, resolved quickly",0,Low,None,Training Session,Training Room,None,None,No Injury,Synthetic,No
1337,Heavy debris dropped near active work zone without exclusion barrier,1,Critical,Line of Fire,Demolition Work,Construction Site,Structural Instability,Engineering Review Skipped,Structural Collapse,Synthetic,No
1338,Jumper cable connected to line assumed dead without verification,1,Critical,Energy Isolation,Electrical Maintenance,Substation,High Voltage Line,Isolation Point Skipped,Electrocution,Synthetic,No
1339,Loader operated near pedestrian walkway without horn warning,1,Critical,Line of Fire,Mobile Equipment,Yard,Reversing Vehicle,Spotter Absent,Struck-By Injury,Synthetic,No
1340,Worker climbed scaffold without securing safety harness,1,Critical,Work at Height,Working at Height,Scaffold Area,Fall Hazard,Harness Not Anchored,Fall From Height,Synthetic,No
1341,Worker stood in line of fire while pressure testing pipeline,1,Critical,Energy Isolation,Pressure Testing,Process Unit,Pressurized System,Isolation Not Verified,Explosion/Rupture,Synthetic,No
1342,Worker entered unshored trench deeper than 1.5 meters,1,Critical,Excavation,Excavation Work,Pipeline Trench,Trench Collapse,No Shoring Installed,Burial/Suffocation,Synthetic,No
1343,"Minor scrape while unpacking material crate, first aid applied",0,Low,None,General Maintenance,Workshop,Minor Cut Hazard,None,First Aid Case,Synthetic,No
1344,Worker walked on fragile roof sheet without crawling boards,1,Critical,Work at Height,Roof Work,Rooftop,Fragile Surface,No Fall Arrest System,Fall From Height,Synthetic,No
1345,Crane hook block swung uncontrolled near working personnel,1,Critical,Line of Fire,Lifting Operations,Yard,Overhead Crane,Load Chart Exceeded,Structural Failure,Synthetic,No
1346,"Minor scrape while unpacking material crate, first aid applied",0,Low,None,General Maintenance,Workshop,Minor Cut Hazard,None,First Aid Case,Synthetic,No
1347,Employee entered vessel before oxygen levels were verified,1,Critical,Confined Space,Tank Entry,Tank Farm,Toxic Atmosphere,Gas Testing Skipped,Asphyxiation,Synthetic,No
1348,Hot work permit expired but welding continued in process area,1,Critical,Hot Work,Hot Work,Process Unit,Flammable Atmosphere,Gas Test Not Done,Fire/Explosion,Synthetic,No
1349,"Projector malfunction reported during toolbox talk, resolved quickly",0,Low,None,Training Session,Training Room,None,None,No Injury,Synthetic,No
1350,"Speed bump sign found faded in parking lot, replaced",0,Low,None,Parking Area,Parking Lot,Minor Obstruction,None,No Injury,Synthetic,No
1351,Worker entered nitrogen-purged vessel without gas test clearance,1,Critical,Confined Space,Vessel Cleaning,Process Unit,Inert Atmosphere,Attendant Not Present,Asphyxiation,Synthetic,No
1352,Loose stationery observed on office desk,0,Low,None,Housekeeping,Office,Slip Hazard,None,Minor Injury,Synthetic,No
1353,Roof access made without anchor point for fall arrest harness,1,Critical,Work at Height,Roof Work,Rooftop,Fragile Surface,No Fall Arrest System,Fall From Height,Synthetic,No
1354,"Floor mat displaced near canteen door, minor trip risk",0,Low,None,Housekeeping,Canteen,Wet Floor,Warning Sign Missing,Minor Slip,Synthetic,No
1355,"Speed bump sign found faded in parking lot, replaced",0,Low,None,Parking Area,Parking Lot,Minor Obstruction,None,No Injury,Synthetic,No
1356,"Speed bump sign found faded in parking lot, replaced",0,Low,None,Parking Area,Parking Lot,Minor Obstruction,None,No Injury,Synthetic,No
1357,Driver showed signs of fatigue during long haul transport run,1,Critical,Safe Driving,Vehicle Operation,Site Road,Moving Vehicle,Seatbelt Not Worn,Vehicle Collision,Synthetic,No
1358,Worker fell overboard without personal flotation device worn,1,Critical,Line of Fire,Diving/Marine Operations,Offshore Site,Underwater Hazard,Communication Loss,Drowning,Synthetic,No
1359,Truck reversed without spotter near active work zone,1,Critical,Safe Driving,Vehicle Operation,Site Road,Moving Vehicle,Seatbelt Not Worn,Vehicle Collision,Synthetic,No
1360,Loose clothing caught near unguarded rotating shaft,1,Critical,Machine Guarding,Machine Operation,Workshop,Rotating Equipment,Guard Removed,Amputation,Synthetic,No
1361,Paper waste bin overflowing near workstation,0,Low,None,Housekeeping,Office,Slip Hazard,None,Minor Injury,Synthetic,No
1362,"Routine inspection found minor housekeeping gap, closed same day",0,Low,None,Inspection Round,Plant Area,Housekeeping,None,No Injury,Synthetic,No
1363,Worker contacted overhead power line while operating boom lift nearby,1,Critical,Energy Isolation,Electrical Maintenance,Substation,High Voltage Line,Isolation Point Skipped,Electrocution,Synthetic,No
1364,Worker walked behind reversing dumper without eye contact with operator,1,Critical,Line of Fire,Mobile Equipment,Yard,Reversing Vehicle,Spotter Absent,Struck-By Injury,Synthetic,No
1365,"Minor clutter in break room seating area, tidied up",0,Low,None,Break Room Activity,Break Room,Minor Hygiene Issue,None,No Injury,Synthetic,No
1366,"Fire extinguisher tag found slightly faded, replaced promptly",0,Low,None,Inspection Round,Plant Area,Housekeeping,None,No Injury,Synthetic,No
1367,Vehicle collided with pedestrian near site gate due to speeding,1,Critical,Safe Driving,Vehicle Operation,Site Road,Moving Vehicle,Seatbelt Not Worn,Vehicle Collision,Synthetic,No
1368,Diver lost communication with surface team during subsea operation,1,Critical,Line of Fire,Diving/Marine Operations,Offshore Site,Underwater Hazard,Communication Loss,Drowning,Synthetic,No
1369,Worker pinched finger lightly while closing toolbox,0,Low,None,General Maintenance,Workshop,Minor Cut Hazard,None,First Aid Case,Synthetic,No
1370,Minor slip near canteen entrance due to spilled water,0,Low,None,Housekeeping,Canteen,Wet Floor,Warning Sign Missing,Minor Slip,Synthetic,No
1371,"Tag line not used, worker exposed under suspended load near loading bay",1,Critical,Line of Fire,Lifting Operations,Loading Area,Suspended Load,Exclusion Zone Breach,Fatal Crushing,Synthetic,No
1372,"Attendance register missing signature, corrected same day",0,Low,None,Training Session,Training Room,None,None,No Injury,Synthetic,No
1373,Interlock switch bypassed to keep production running during jam clearance,1,Critical,Machine Guarding,Machine Operation,Workshop,Rotating Equipment,Guard Removed,Amputation,Synthetic,No
1374,Minor documentation gap noted during routine audit,0,Low,None,Inspection Round,Plant Area,Housekeeping,None,No Injury,Synthetic,No
1375,Demolition proceeded without structural stability assessment,1,Critical,Line of Fire,Demolition Work,Construction Site,Structural Instability,Engineering Review Skipped,Structural Collapse,Synthetic,No
1376,"Unlabeled bin found during safety walk, corrected on spot",0,Low,None,Inspection Round,Plant Area,Housekeeping,None,No Injury,Synthetic,No
1377,Overloaded sling used during material lifting operation,1,Critical,Line of Fire,Lifting Operations,Yard,Overhead Crane,Load Chart Exceeded,Structural Failure,Synthetic,No
1378,Diver lost communication with surface team during subsea operation,1,Critical,Line of Fire,Diving/Marine Operations,Offshore Site,Underwater Hazard,Communication Loss,Drowning,Synthetic,No
1379,"Chair wheel slightly loose, reported for maintenance",0,Low,None,Housekeeping,Office,Slip Hazard,None,Minor Injury,Synthetic,No
1380,Employee cleaned rotating equipment without stopping machine,1,Critical,Machine Guarding,Machine Operation,Workshop,Rotating Equipment,Guard Removed,Amputation,Synthetic,No
1381,Employee reported minor splinter while handling wooden pallet,0,Low,None,General Maintenance,Workshop,Minor Cut Hazard,None,First Aid Case,Synthetic,No
1382,Demolition proceeded without structural stability assessment,1,Critical,Line of Fire,Demolition Work,Construction Site,Structural Instability,Engineering Review Skipped,Structural Collapse,Synthetic,No
1383,"Expired item found in store inventory, removed during check",0,Low,None,Store Room Activity,Store Room,Minor Clutter,None,No Injury,Synthetic,No
1384,Truck reversed without spotter near active work zone,1,Critical,Safe Driving,Vehicle Operation,Site Road,Moving Vehicle,Seatbelt Not Worn,Vehicle Collision,Synthetic,No
1385,Interlock switch bypassed to keep production running during jam clearance,1,Critical,Machine Guarding,Machine Operation,Workshop,Rotating Equipment,Guard Removed,Amputation,Synthetic,No
1386,Scaffold used without completion tag or inspection sign-off,1,Critical,Work at Height,Working at Height,Scaffold Area,Fall Hazard,Harness Not Anchored,Fall From Height,Synthetic,No
1387,"Attendance register missing signature, corrected same day",0,Low,None,Training Session,Training Room,None,None,No Injury,Synthetic,No
1388,Worker entered unshored trench deeper than 1.5 meters,1,Critical,Excavation,Excavation Work,Pipeline Trench,Trench Collapse,No Shoring Installed,Burial/Suffocation,Synthetic,No
1389,Heavy debris dropped near active work zone without exclusion barrier,1,Critical,Line of Fire,Demolition Work,Construction Site,Structural Instability,Engineering Review Skipped,Structural Collapse,Synthetic,No
1390,Minor scheduling delay reported during safety training session,0,Low,None,Training Session,Training Room,None,None,No Injury,Synthetic,No
1391,Sparks from grinding ignited nearby oily rags in work area,1,Critical,Hot Work,Hot Work,Process Unit,Flammable Atmosphere,Gas Test Not Done,Fire/Explosion,Synthetic,No
1392,"Minor pothole noted in parking area, reported for repair",0,Low,None,Parking Area,Parking Lot,Minor Obstruction,None,No Injury,Synthetic,No
1393,Monitor height adjustment requested for workstation comfort,0,Low,None,Office Work,Office,Ergonomic,None,Minor Discomfort,Synthetic,No
1394,Worker stood below suspended crane load during lifting operation,1,Critical,Line of Fire,Lifting Operations,Loading Area,Suspended Load,Exclusion Zone Breach,Fatal Crushing,Synthetic,No
1395,"Coffee machine leak observed in break room, reported for repair",0,Low,None,Break Room Activity,Break Room,Minor Hygiene Issue,None,No Injury,Synthetic,No
1396,Hot work carried out without fire watch present,1,Critical,Hot Work,Hot Work,Process Unit,Flammable Atmosphere,Gas Test Not Done,Fire/Explosion,Synthetic,No
1397,Minor eye strain reported after prolonged screen use,0,Low,None,Office Work,Office,Ergonomic,None,Minor Discomfort,Synthetic,No
1398,Worker handled corrosive chemical without proper PPE,1,Critical,Chemical Handling,Chemical Handling,Chemical Storage,Corrosive Substance,PPE Not Worn,Chemical Burn,Synthetic,No
1399,Small bruise reported after minor bump against equipment,0,Low,None,General Maintenance,Workshop,Minor Cut Hazard,None,First Aid Case,Synthetic,No
1400,Employee requested footrest for ergonomic improvement,0,Low,None,Office Work,Office,Ergonomic,None,Minor Discomfort,Synthetic,No
1401,Trench walls collapsed while worker was inside unsupported excavation,1,Critical,Excavation,Excavation Work,Pipeline Trench,Trench Collapse,No Shoring Installed,Burial/Suffocation,Synthetic,No
1402,Employee working inside trench without spoil pile setback,1,Critical,Excavation,Excavation Work,Pipeline Trench,Trench Collapse,No Shoring Installed,Burial/Suffocation,Synthetic,No
1403,Worker pinched finger lightly while closing toolbox,0,Low,None,General Maintenance,Workshop,Minor Cut Hazard,None,First Aid Case,Synthetic,No
1404,"Attendance register missing signature, corrected same day",0,Low,None,Training Session,Training Room,None,None,No Injury,Synthetic,No
1405,Minor slip near canteen entrance due to spilled water,0,Low,None,Housekeeping,Canteen,Wet Floor,Warning Sign Missing,Minor Slip,Synthetic,No
1406,Energized equipment opened for repair without isolation verification,1,Critical,Energy Isolation,Electrical Maintenance,Production Area,Electrical Energy,LOTO Not Applied,Electrocution,Synthetic,No
1407,Barricade removed prematurely while overhead lift was still in progress,1,Critical,Line of Fire,Lifting Operations,Loading Area,Suspended Load,Exclusion Zone Breach,Fatal Crushing,Synthetic,No
1408,"Coffee machine leak observed in break room, reported for repair",0,Low,None,Break Room Activity,Break Room,Minor Hygiene Issue,None,No Injury,Synthetic,No
1409,Driver showed signs of fatigue during long haul transport run,1,Critical,Safe Driving,Vehicle Operation,Site Road,Moving Vehicle,Seatbelt Not Worn,Vehicle Collision,Synthetic,No
1410,Small bruise reported after minor bump against equipment,0,Low,None,General Maintenance,Workshop,Minor Cut Hazard,None,First Aid Case,Synthetic,No
1411,Skylight opening left uncovered near active roof work area,1,Critical,Work at Height,Roof Work,Rooftop,Fragile Surface,No Fall Arrest System,Fall From Height,Synthetic,No
1412,Forklift reversed without a spotter in congested yard area,1,Critical,Line of Fire,Mobile Equipment,Yard,Reversing Vehicle,Spotter Absent,Struck-By Injury,Synthetic,No
1413,"Projector malfunction reported during toolbox talk, resolved quickly",0,Low,None,Training Session,Training Room,None,None,No Injury,Synthetic,No
1414,Loose clothing caught near unguarded rotating shaft,1,Critical,Machine Guarding,Machine Operation,Workshop,Rotating Equipment,Guard Removed,Amputation,Synthetic,No
1415,Minor eye strain reported after prolonged screen use,0,Low,None,Office Work,Office,Ergonomic,None,Minor Discomfort,Synthetic,No
1416,"Minor pothole noted in parking area, reported for repair",0,Low,None,Parking Area,Parking Lot,Minor Obstruction,None,No Injury,Synthetic,No
1417,"Pallet placed close to walkway, minor obstruction noted",0,Low,None,Warehouse Operations,Warehouse,Stacked Material,Proper Stacking Missed,Minor Injury,Synthetic,No
1418,Electrician bypassed LOTO procedure while repairing motor circuit,1,Critical,Energy Isolation,Electrical Maintenance,Production Area,Electrical Energy,LOTO Not Applied,Electrocution,Synthetic,No
1419,Diver lost communication with surface team during subsea operation,1,Critical,Line of Fire,Diving/Marine Operations,Offshore Site,Underwater Hazard,Communication Loss,Drowning,Synthetic,No
1420,Excavation work carried out without protective shoring system,1,Critical,Excavation,Excavation Work,Pipeline Trench,Trench Collapse,No Shoring Installed,Burial/Suffocation,Synthetic,No
1421,Contractor entered underground pit without confined space permit,1,Critical,Confined Space,Tank Entry,Tank Farm,Toxic Atmosphere,Gas Testing Skipped,Asphyxiation,Synthetic,No
1422,Crane hook block swung uncontrolled near working personnel,1,Critical,Line of Fire,Lifting Operations,Yard,Overhead Crane,Load Chart Exceeded,Structural Failure,Synthetic,No
1423,"Minor spill near break room refrigerator, cleaned promptly",0,Low,None,Break Room Activity,Break Room,Minor Hygiene Issue,None,No Injury,Synthetic,No
1424,Pressure test conducted without verifying line isolation,1,Critical,Energy Isolation,Pressure Testing,Process Unit,Pressurized System,Isolation Not Verified,Explosion/Rupture,Synthetic,No
1425,"Floor mat displaced near canteen door, minor trip risk",0,Low,None,Housekeeping,Canteen,Wet Floor,Warning Sign Missing,Minor Slip,Synthetic,No
1426,"Speed bump sign found faded in parking lot, replaced",0,Low,None,Parking Area,Parking Lot,Minor Obstruction,None,No Injury,Synthetic,No
1427,Personnel removed guardrail without fall protection in place,1,Critical,Work at Height,Working at Height,Scaffold Area,Fall Hazard,Harness Not Anchored,Fall From Height,Synthetic,No
1428,"Minor clutter in break room seating area, tidied up",0,Low,None,Break Room Activity,Break Room,Minor Hygiene Issue,None,No Injury,Synthetic,No
1429,"Minor material spillage in warehouse aisle, cleaned immediately",0,Low,None,Warehouse Operations,Warehouse,Stacked Material,Proper Stacking Missed,Minor Injury,Synthetic,No
1430,Marine work continued despite deteriorating weather conditions,1,Critical,Line of Fire,Diving/Marine Operations,Offshore Site,Underwater Hazard,Communication Loss,Drowning,Synthetic,No
1431,Worker removed isolation lock before job completion certificate issued,1,Critical,Energy Isolation,Electrical Maintenance,Production Area,Electrical Energy,LOTO Not Applied,Electrocution,Synthetic,No
1432,Padlock and tag missing on isolated breaker during panel repair,1,Critical,Energy Isolation,Electrical Maintenance,Production Area,Electrical Energy,LOTO Not Applied,Electrocution,Synthetic,No
1433,Loose clothing caught near unguarded rotating shaft,1,Critical,Machine Guarding,Machine Operation,Workshop,Rotating Equipment,Guard Removed,Amputation,Synthetic,No
1434,Minor scheduling delay reported during safety training session,0,Low,None,Training Session,Training Room,None,None,No Injury,Synthetic,No
1435,"Small water spill near pantry area, promptly cleaned",0,Low,None,Housekeeping,Office,Slip Hazard,None,Minor Injury,Synthetic,No
1436,Minor documentation gap noted during routine audit,0,Low,None,Inspection Round,Plant Area,Housekeeping,None,No Injury,Synthetic,No
1437,Heavy debris dropped near active work zone without exclusion barrier,1,Critical,Line of Fire,Demolition Work,Construction Site,Structural Instability,Engineering Review Skipped,Structural Collapse,Synthetic,No
1438,Worker stood in line of fire while pressure testing pipeline,1,Critical,Energy Isolation,Pressure Testing,Process Unit,Pressurized System,Isolation Not Verified,Explosion/Rupture,Synthetic,No
1439,"Coffee machine leak observed in break room, reported for repair",0,Low,None,Break Room Activity,Break Room,Minor Hygiene Issue,None,No Injury,Synthetic,No
1440,Worker climbed scaffold without securing safety harness,1,Critical,Work at Height,Working at Height,Scaffold Area,Fall Hazard,Harness Not Anchored,Fall From Height,Synthetic,No
1441,Forklift reversed without a spotter in congested yard area,1,Critical,Line of Fire,Mobile Equipment,Yard,Reversing Vehicle,Spotter Absent,Struck-By Injury,Synthetic,No
1442,Diver lost communication with surface team during subsea operation,1,Critical,Line of Fire,Diving/Marine Operations,Offshore Site,Underwater Hazard,Communication Loss,Drowning,Synthetic,No
1443,Ladder used beyond safe working height without secondary support,1,Critical,Work at Height,Working at Height,Scaffold Area,Fall Hazard,Harness Not Anchored,Fall From Height,Synthetic,No
1444,Minor slip near canteen entrance due to spilled water,0,Low,None,Housekeeping,Canteen,Wet Floor,Warning Sign Missing,Minor Slip,Synthetic,No
1445,"Wet floor in canteen without warning sign, corrected quickly",0,Low,None,Housekeeping,Canteen,Wet Floor,Warning Sign Missing,Minor Slip,Synthetic,No
1446,"Minor clutter in break room seating area, tidied up",0,Low,None,Break Room Activity,Break Room,Minor Hygiene Issue,None,No Injury,Synthetic,No
1447,Grinding operation performed without gas testing near process unit,1,Critical,Hot Work,Hot Work,Process Unit,Flammable Atmosphere,Gas Test Not Done,Fire/Explosion,Synthetic,No
1448,Vehicle exceeded site speed limit near pedestrian crossing,1,Critical,Safe Driving,Vehicle Operation,Site Road,Moving Vehicle,Seatbelt Not Worn,Vehicle Collision,Synthetic,No
1449,Confined space permit expired but work continued inside tank,1,Critical,Confined Space,Vessel Cleaning,Process Unit,Inert Atmosphere,Attendant Not Present,Asphyxiation,Synthetic,No
1450,Minor documentation gap noted during routine audit,0,Low,None,Inspection Round,Plant Area,Housekeeping,None,No Injury,Synthetic,No
1451,Confined space permit expired but work continued inside tank,1,Critical,Confined Space,Vessel Cleaning,Process Unit,Inert Atmosphere,Attendant Not Present,Asphyxiation,Synthetic,No
1452,Signalman lost visual contact with crane operator during active lift,1,Critical,Line of Fire,Lifting Operations,Loading Area,Suspended Load,Exclusion Zone Breach,Fatal Crushing,Synthetic,No
1453,Monitor height adjustment requested for workstation comfort,0,Low,None,Office Work,Office,Ergonomic,None,Minor Discomfort,Synthetic,No
1454,Employee entered vessel before oxygen levels were verified,1,Critical,Confined Space,Tank Entry,Tank Farm,Toxic Atmosphere,Gas Testing Skipped,Asphyxiation,Synthetic,No
1455,"Expired item found in store inventory, removed during check",0,Low,None,Store Room Activity,Store Room,Minor Clutter,None,No Injury,Synthetic,No
1456,Minor documentation gap noted during routine audit,0,Low,None,Inspection Round,Plant Area,Housekeeping,None,No Injury,Synthetic,No
1457,"Worker sustained minor cut while handling tools, first aid given",0,Low,None,General Maintenance,Workshop,Minor Cut Hazard,None,First Aid Case,Synthetic,No
1458,"Minor food spillage near canteen counter, cleaned promptly",0,Low,None,Housekeeping,Canteen,Wet Floor,Warning Sign Missing,Minor Slip,Synthetic,No
1459,Driver showed signs of fatigue during long haul transport run,1,Critical,Safe Driving,Vehicle Operation,Site Road,Moving Vehicle,Seatbelt Not Worn,Vehicle Collision,Synthetic,No
1460,Ladder used beyond safe working height without secondary support,1,Critical,Work at Height,Working at Height,Scaffold Area,Fall Hazard,Harness Not Anchored,Fall From Height,Synthetic,No
1461,Marine work continued despite deteriorating weather conditions,1,Critical,Line of Fire,Diving/Marine Operations,Offshore Site,Underwater Hazard,Communication Loss,Drowning,Synthetic,No
1462,Minor scheduling delay reported during safety training session,0,Low,None,Training Session,Training Room,None,None,No Injury,Synthetic,No
1463,Minor scheduling delay reported during safety training session,0,Low,None,Training Session,Training Room,None,None,No Injury,Synthetic,No
1464,Substation cable tested without confirming de-energization,1,Critical,Energy Isolation,Electrical Maintenance,Substation,High Voltage Line,Isolation Point Skipped,Electrocution,Synthetic,No
1465,"Minor pothole noted in parking area, reported for repair",0,Low,None,Parking Area,Parking Lot,Minor Obstruction,None,No Injury,Synthetic,No
1466,Energized equipment opened for repair without isolation verification,1,Critical,Energy Isolation,Electrical Maintenance,Production Area,Electrical Energy,LOTO Not Applied,Electrocution,Synthetic,No
1467,Minor dust accumulation observed on warehouse shelving,0,Low,None,Warehouse Operations,Warehouse,Stacked Material,Proper Stacking Missed,Minor Injury,Synthetic,No
1468,Monitor height adjustment requested for workstation comfort,0,Low,None,Office Work,Office,Ergonomic,None,Minor Discomfort,Synthetic,No
1469,Valve opened on pressurized line without depressurizing first,1,Critical,Energy Isolation,Pressure Testing,Process Unit,Pressurized System,Isolation Not Verified,Explosion/Rupture,Synthetic,No
1470,"Boxes stacked slightly above recommended height, corrected on observation",0,Low,None,Warehouse Operations,Warehouse,Stacked Material,Proper Stacking Missed,Minor Injury,Synthetic,No
1471,Cutting torch used near open flammable liquid without isolation,1,Critical,Hot Work,Hot Work,Process Unit,Flammable Atmosphere,Gas Test Not Done,Fire/Explosion,Synthetic,No
1472,Minor eye strain reported after prolonged screen use,0,Low,None,Office Work,Office,Ergonomic,None,Minor Discomfort,Synthetic,No
1473,"Label missing on storage bin, corrected during audit",0,Low,None,Warehouse Operations,Warehouse,Stacked Material,Proper Stacking Missed,Minor Injury,Synthetic,No
1474,"Minor clutter in break room seating area, tidied up",0,Low,None,Break Room Activity,Break Room,Minor Hygiene Issue,None,No Injury,Synthetic,No
1475,"Minor clutter observed near store room shelving, cleared promptly",0,Low,None,Store Room Activity,Store Room,Minor Clutter,None,No Injury,Synthetic,No
1476,"Cable lying on office floor, minor trip hazard noted",0,Low,None,Housekeeping,Office,Slip Hazard,None,Minor Injury,Synthetic,No
1477,Skylight opening left uncovered near active roof work area,1,Critical,Work at Height,Roof Work,Rooftop,Fragile Surface,No Fall Arrest System,Fall From Height,Synthetic,No
1478,"Minor labeling error found on stored material, corrected",0,Low,None,Store Room Activity,Store Room,Minor Clutter,None,No Injury,Synthetic,No
1479,Heavy debris dropped near active work zone without exclusion barrier,1,Critical,Line of Fire,Demolition Work,Construction Site,Structural Instability,Engineering Review Skipped,Structural Collapse,Synthetic,No
1480,Worker walked on fragile roof sheet without crawling boards,1,Critical,Work at Height,Roof Work,Rooftop,Fragile Surface,No Fall Arrest System,Fall From Height,Synthetic,No
1481,Skylight opening left uncovered near active roof work area,1,Critical,Work at Height,Roof Work,Rooftop,Fragile Surface,No Fall Arrest System,Fall From Height,Synthetic,No
1482,Loose stationery observed on office desk,0,Low,None,Housekeeping,Office,Slip Hazard,None,Minor Injury,Synthetic,No
1483,Worker climbed scaffold without securing safety harness,1,Critical,Work at Height,Working at Height,Scaffold Area,Fall Hazard,Harness Not Anchored,Fall From Height,Synthetic,No
1484,Crane hook block swung uncontrolled near working personnel,1,Critical,Line of Fire,Lifting Operations,Yard,Overhead Crane,Load Chart Exceeded,Structural Failure,Synthetic,No
1485,Skylight opening left uncovered near active roof work area,1,Critical,Work at Height,Roof Work,Rooftop,Fragile Surface,No Fall Arrest System,Fall From Height,Synthetic,No
1486,Employee exposed to acid fumes due to ventilation failure,1,Critical,Chemical Handling,Chemical Handling,Chemical Storage,Corrosive Substance,PPE Not Worn,Chemical Burn,Synthetic,No
1487,Pressure test conducted without verifying line isolation,1,Critical,Energy Isolation,Pressure Testing,Process Unit,Pressurized System,Isolation Not Verified,Explosion/Rupture,Synthetic,No
1488,Employee reported minor back discomfort from office chair,0,Low,None,Office Work,Office,Ergonomic,None,Minor Discomfort,Synthetic,No
1489,Diver lost communication with surface team during subsea operation,1,Critical,Line of Fire,Diving/Marine Operations,Offshore Site,Underwater Hazard,Communication Loss,Drowning,Synthetic,No
1490,"Routine inspection found minor housekeeping gap, closed same day",0,Low,None,Inspection Round,Plant Area,Housekeeping,None,No Injury,Synthetic,No
1491,Minor scheduling delay reported during safety training session,0,Low,None,Training Session,Training Room,None,None,No Injury,Synthetic,No
1492,Barricade removed prematurely while overhead lift was still in progress,1,Critical,Line of Fire,Lifting Operations,Loading Area,Suspended Load,Exclusion Zone Breach,Fatal Crushing,Synthetic,No
1493,Minor eye strain reported after prolonged screen use,0,Low,None,Office Work,Office,Ergonomic,None,Minor Discomfort,Synthetic,No
1494,"Minor clutter in break room seating area, tidied up",0,Low,None,Break Room Activity,Break Room,Minor Hygiene Issue,None,No Injury,Synthetic,No
1495,"Vehicle parked slightly outside marked bay, corrected on observation",0,Low,None,Parking Area,Parking Lot,Minor Obstruction,None,No Injury,Synthetic,No
1496,"Speed bump sign found faded in parking lot, replaced",0,Low,None,Parking Area,Parking Lot,Minor Obstruction,None,No Injury,Synthetic,No
1497,Machine guard removed while equipment was still running,1,Critical,Machine Guarding,Machine Operation,Workshop,Rotating Equipment,Guard Removed,Amputation,Synthetic,No
1498,"Boxes stacked slightly above recommended height, corrected on observation",0,Low,None,Warehouse Operations,Warehouse,Stacked Material,Proper Stacking Missed,Minor Injury,Synthetic,No
1499,Marine work continued despite deteriorating weather conditions,1,Critical,Line of Fire,Diving/Marine Operations,Offshore Site,Underwater Hazard,Communication Loss,Drowning,Synthetic,No
1500,Ladder used beyond safe working height without secondary support,1,Critical,Work at Height,Working at Height,Scaffold Area,Fall Hazard,Harness Not Anchored,Fall From Height,Synthetic,No
1501,Worker contacted overhead power line while operating boom lift nearby,1,Critical,Energy Isolation,Electrical Maintenance,Substation,High Voltage Line,Isolation Point Skipped,Electrocution,Synthetic,No
1502,"Speed bump sign found faded in parking lot, replaced",0,Low,None,Parking Area,Parking Lot,Minor Obstruction,None,No Injury,Synthetic,No
1503,Substation cable tested without confirming de-energization,1,Critical,Energy Isolation,Electrical Maintenance,Substation,High Voltage Line,Isolation Point Skipped,Electrocution,Synthetic,No
1504,Employee reported minor back discomfort from office chair,0,Low,None,Office Work,Office,Ergonomic,None,Minor Discomfort,Synthetic,No
1505,Loader operated near pedestrian walkway without horn warning,1,Critical,Line of Fire,Mobile Equipment,Yard,Reversing Vehicle,Spotter Absent,Struck-By Injury,Synthetic,No
1506,"Minor scrape while unpacking material crate, first aid applied",0,Low,None,General Maintenance,Workshop,Minor Cut Hazard,None,First Aid Case,Synthetic,No
1507,"Unlabeled bin found during safety walk, corrected on spot",0,Low,None,Inspection Round,Plant Area,Housekeeping,None,No Injury,Synthetic,No
1508,Electrical maintenance started without power isolation,1,Critical,Energy Isolation,Electrical Maintenance,Production Area,Electrical Energy,LOTO Not Applied,Electrocution,Synthetic,No
1509,Scaffold used without completion tag or inspection sign-off,1,Critical,Work at Height,Working at Height,Scaffold Area,Fall Hazard,Harness Not Anchored,Fall From Height,Synthetic,No
1510,"Chemical drum overfilled during transfer, causing splash exposure",1,Critical,Chemical Handling,Chemical Handling,Chemical Storage,Corrosive Substance,PPE Not Worn,Chemical Burn,Synthetic,No
1511,"Boxes stacked slightly above recommended height, corrected on observation",0,Low,None,Warehouse Operations,Warehouse,Stacked Material,Proper Stacking Missed,Minor Injury,Synthetic,No
1512,Paper waste bin overflowing near workstation,0,Low,None,Housekeeping,Office,Slip Hazard,None,Minor Injury,Synthetic,No
1513,"Minor scrape while unpacking material crate, first aid applied",0,Low,None,General Maintenance,Workshop,Minor Cut Hazard,None,First Aid Case,Synthetic,No
1514,Loose stationery observed on office desk,0,Low,None,Housekeeping,Office,Slip Hazard,None,Minor Injury,Synthetic,No
1515,"Minor food spillage near canteen counter, cleaned promptly",0,Low,None,Housekeeping,Canteen,Wet Floor,Warning Sign Missing,Minor Slip,Synthetic,No
1516,Employee entered vessel before oxygen levels were verified,1,Critical,Confined Space,Tank Entry,Tank Farm,Toxic Atmosphere,Gas Testing Skipped,Asphyxiation,Synthetic,No
1517,"Routine inspection found minor housekeeping gap, closed same day",0,Low,None,Inspection Round,Plant Area,Housekeeping,None,No Injury,Synthetic,No
1518,Substation cable tested without confirming de-energization,1,Critical,Energy Isolation,Electrical Maintenance,Substation,High Voltage Line,Isolation Point Skipped,Electrocution,Synthetic,No
1519,Heavy debris dropped near active work zone without exclusion barrier,1,Critical,Line of Fire,Demolition Work,Construction Site,Structural Instability,Engineering Review Skipped,Structural Collapse,Synthetic,No
1520,Minor documentation gap noted during routine audit,0,Low,None,Inspection Round,Plant Area,Housekeeping,None,No Injury,Synthetic,No
1521,"Cable lying on office floor, minor trip hazard noted",0,Low,None,Housekeeping,Office,Slip Hazard,None,Minor Injury,Synthetic,No
1522,"Unlabeled bin found during safety walk, corrected on spot",0,Low,None,Inspection Round,Plant Area,Housekeeping,None,No Injury,Synthetic,No
1523,Minor documentation gap noted during routine audit,0,Low,None,Inspection Round,Plant Area,Housekeeping,None,No Injury,Synthetic,No
1524,Roof access made without anchor point for fall arrest harness,1,Critical,Work at Height,Roof Work,Rooftop,Fragile Surface,No Fall Arrest System,Fall From Height,Synthetic,No
1525,"Vehicle parked slightly outside marked bay, corrected on observation",0,Low,None,Parking Area,Parking Lot,Minor Obstruction,None,No Injury,Synthetic,No
1526,Trench walls collapsed while worker was inside unsupported excavation,1,Critical,Excavation,Excavation Work,Pipeline Trench,Trench Collapse,No Shoring Installed,Burial/Suffocation,Synthetic,No
1527,"Routine inspection found minor housekeeping gap, closed same day",0,Low,None,Inspection Round,Plant Area,Housekeeping,None,No Injury,Synthetic,No
1528,"Minor clutter observed near store room shelving, cleared promptly",0,Low,None,Store Room Activity,Store Room,Minor Clutter,None,No Injury,Synthetic,No
1529,Overloaded sling used during material lifting operation,1,Critical,Line of Fire,Lifting Operations,Yard,Overhead Crane,Load Chart Exceeded,Structural Failure,Synthetic,No
1530,"Attendance register missing signature, corrected same day",0,Low,None,Training Session,Training Room,None,None,No Injury,Synthetic,No
1531,Loose stationery observed on office desk,0,Low,None,Office Work,Office,Ergonomic,None,Minor Discomfort,Synthetic,No
1532,Signalman lost visual contact with crane operator during active lift,1,Critical,Line of Fire,Lifting Operations,Loading Area,Suspended Load,Exclusion Zone Breach,Fatal Crushing,Synthetic,No
1533,Substation cable tested without confirming de-energization,1,Critical,Energy Isolation,Electrical Maintenance,Substation,High Voltage Line,Isolation Point Skipped,Electrocution,Synthetic,No
1534,"Minor clutter in break room seating area, tidied up",0,Low,None,Break Room Activity,Break Room,Minor Hygiene Issue,None,No Injury,Synthetic,No
1535,Loader operated near pedestrian walkway without horn warning,1,Critical,Line of Fire,Mobile Equipment,Yard,Reversing Vehicle,Spotter Absent,Struck-By Injury,Synthetic,No
1536,Driver was using mobile phone while operating vehicle on site road,1,Critical,Safe Driving,Vehicle Operation,Site Road,Moving Vehicle,Seatbelt Not Worn,Vehicle Collision,Synthetic,No
1537,Ladder used beyond safe working height without secondary support,1,Critical,Work at Height,Working at Height,Scaffold Area,Fall Hazard,Harness Not Anchored,Fall From Height,Synthetic,No
1538,Ventilation blower switched off while worker still inside vessel,1,Critical,Confined Space,Tank Entry,Tank Farm,Toxic Atmosphere,Gas Testing Skipped,Asphyxiation,Synthetic,No
1539,Worker removed isolation lock before job completion certificate issued,1,Critical,Energy Isolation,Electrical Maintenance,Production Area,Electrical Energy,LOTO Not Applied,Electrocution,Synthetic,No
1540,Electrical maintenance started without power isolation,1,Critical,Energy Isolation,Electrical Maintenance,Production Area,Electrical Energy,LOTO Not Applied,Electrocution,Synthetic,No
1541,"Vehicle parked slightly outside marked bay, corrected on observation",0,Low,None,Parking Area,Parking Lot,Minor Obstruction,None,No Injury,Synthetic,No
1542,Technician worked on live panel without lockout tagout,1,Critical,Energy Isolation,Electrical Maintenance,Production Area,Electrical Energy,LOTO Not Applied,Electrocution,Synthetic,No
1543,"Minor labeling error found on stored material, corrected",0,Low,None,Store Room Activity,Store Room,Minor Clutter,None,No Injury,Synthetic,No
1544,"Minor food spillage near canteen counter, cleaned promptly",0,Low,None,Housekeeping,Canteen,Wet Floor,Warning Sign Missing,Minor Slip,Synthetic,No
1545,Jumper cable connected to line assumed dead without verification,1,Critical,Energy Isolation,Electrical Maintenance,Substation,High Voltage Line,Isolation Point Skipped,Electrocution,Synthetic,No
1546,Chemical spill occurred during transfer without containment,1,Critical,Chemical Handling,Chemical Handling,Chemical Storage,Corrosive Substance,PPE Not Worn,Chemical Burn,Synthetic,No
1547,Jumper cable connected to line assumed dead without verification,1,Critical,Energy Isolation,Electrical Maintenance,Substation,High Voltage Line,Isolation Point Skipped,Electrocution,Synthetic,No
1548,Worker climbed scaffold without securing safety harness,1,Critical,Work at Height,Working at Height,Scaffold Area,Fall Hazard,Harness Not Anchored,Fall From Height,Synthetic,No
1549,Worker walked on fragile roof sheet without crawling boards,1,Critical,Work at Height,Roof Work,Rooftop,Fragile Surface,No Fall Arrest System,Fall From Height,Synthetic,No
1550,Minor documentation gap noted during routine audit,0,Low,None,Inspection Round,Plant Area,Housekeeping,None,No Injury,Synthetic,No
1551,Personnel walked under load being lifted by mobile crane,1,Critical,Line of Fire,Lifting Operations,Loading Area,Suspended Load,Exclusion Zone Breach,Fatal Crushing,Synthetic,No
1552,Technician worked on live panel without lockout tagout,1,Critical,Energy Isolation,Electrical Maintenance,Production Area,Electrical Energy,LOTO Not Applied,Electrocution,Synthetic,No
1553,"Coffee machine leak observed in break room, reported for repair",0,Low,None,Break Room Activity,Break Room,Minor Hygiene Issue,None,No Injury,Synthetic,No
1554,"Worker sustained minor cut while handling tools, first aid given",0,Low,None,General Maintenance,Workshop,Minor Cut Hazard,None,First Aid Case,Synthetic,No
1555,Substation cable tested without confirming de-energization,1,Critical,Energy Isolation,Electrical Maintenance,Substation,High Voltage Line,Isolation Point Skipped,Electrocution,Synthetic,No
1556,Padlock and tag missing on isolated breaker during panel repair,1,Critical,Energy Isolation,Electrical Maintenance,Production Area,Electrical Energy,LOTO Not Applied,Electrocution,Synthetic,No
1557,Minor housekeeping issue near office entrance,0,Low,None,Housekeeping,Office,Slip Hazard,None,Minor Injury,Synthetic,No
1558,Vehicle collided with pedestrian near site gate due to speeding,1,Critical,Safe Driving,Vehicle Operation,Site Road,Moving Vehicle,Seatbelt Not Worn,Vehicle Collision,Synthetic,No
1559,Minor documentation gap noted during routine audit,0,Low,None,Inspection Round,Plant Area,Housekeeping,None,No Injury,Synthetic,No
1560,Small bruise reported after minor bump against equipment,0,Low,None,General Maintenance,Workshop,Minor Cut Hazard,None,First Aid Case,Synthetic,No
1561,Truck reversed without spotter near active work zone,1,Critical,Safe Driving,Vehicle Operation,Site Road,Moving Vehicle,Seatbelt Not Worn,Vehicle Collision,Synthetic,No
1562,Worker fell overboard without personal flotation device worn,1,Critical,Line of Fire,Diving/Marine Operations,Offshore Site,Underwater Hazard,Communication Loss,Drowning,Synthetic,No
1563,Worker walked on fragile roof sheet without crawling boards,1,Critical,Work at Height,Roof Work,Rooftop,Fragile Surface,No Fall Arrest System,Fall From Height,Synthetic,No
1564,Machine guard removed while equipment was still running,1,Critical,Machine Guarding,Machine Operation,Workshop,Rotating Equipment,Guard Removed,Amputation,Synthetic,No
1565,Employee working at height with harness lanyard unattached,1,Critical,Work at Height,Working at Height,Scaffold Area,Fall Hazard,Harness Not Anchored,Fall From Height,Synthetic,No
1566,"Unlabeled bin found during safety walk, corrected on spot",0,Low,None,Inspection Round,Plant Area,Housekeeping,None,No Injury,Synthetic,No
1567,"Expired item found in store inventory, removed during check",0,Low,None,Store Room Activity,Store Room,Minor Clutter,None,No Injury,Synthetic,No
1568,Minor housekeeping issue near office entrance,0,Low,None,Housekeeping,Office,Slip Hazard,None,Minor Injury,Synthetic,No
1569,"Unlabeled bin found during safety walk, corrected on spot",0,Low,None,Inspection Round,Plant Area,Housekeeping,None,No Injury,Synthetic,No
1570,Worker positioned under partially demolished structure during work,1,Critical,Line of Fire,Demolition Work,Construction Site,Structural Instability,Engineering Review Skipped,Structural Collapse,Synthetic,No
1571,Employee requested footrest for ergonomic improvement,0,Low,None,Office Work,Office,Ergonomic,None,Minor Discomfort,Synthetic,No
1572,"Minor clutter observed near store room shelving, cleared promptly",0,Low,None,Store Room Activity,Store Room,Minor Clutter,None,No Injury,Synthetic,No
1573,Worker positioned under partially demolished structure during work,1,Critical,Line of Fire,Demolition Work,Construction Site,Structural Instability,Engineering Review Skipped,Structural Collapse,Synthetic,No
1574,"Label missing on storage bin, corrected during audit",0,Low,None,Warehouse Operations,Warehouse,Stacked Material,Proper Stacking Missed,Minor Injury,Synthetic,No
1575,Substation cable tested without confirming de-energization,1,Critical,Energy Isolation,Electrical Maintenance,Substation,High Voltage Line,Isolation Point Skipped,Electrocution,Synthetic,No
1576,Cutting torch used near open flammable liquid without isolation,1,Critical,Hot Work,Hot Work,Process Unit,Flammable Atmosphere,Gas Test Not Done,Fire/Explosion,Synthetic,No
1577,Minor signage fading observed during routine walkthrough,0,Low,None,Inspection Round,Plant Area,Housekeeping,None,No Injury,Synthetic,No
1578,Diver lost communication with surface team during subsea operation,1,Critical,Line of Fire,Diving/Marine Operations,Offshore Site,Underwater Hazard,Communication Loss,Drowning,Synthetic,No
1579,Minor dust accumulation observed on warehouse shelving,0,Low,None,Warehouse Operations,Warehouse,Stacked Material,Proper Stacking Missed,Minor Injury,Synthetic,No
1580,Minor scheduling delay reported during safety training session,0,Low,None,Training Session,Training Room,None,None,No Injury,Synthetic,No
1581,"Chemical drum overfilled during transfer, causing splash exposure",1,Critical,Chemical Handling,Chemical Handling,Chemical Storage,Corrosive Substance,PPE Not Worn,Chemical Burn,Synthetic,No
1582,Diver lost communication with surface team during subsea operation,1,Critical,Line of Fire,Diving/Marine Operations,Offshore Site,Underwater Hazard,Communication Loss,Drowning,Synthetic,No
1583,"Unlabeled bin found during safety walk, corrected on spot",0,Low,None,Inspection Round,Plant Area,Housekeeping,None,No Injury,Synthetic,No
1584,Worker positioned under partially demolished structure during work,1,Critical,Line of Fire,Demolition Work,Construction Site,Structural Instability,Engineering Review Skipped,Structural Collapse,Synthetic,No
1585,"Minor labeling error found on stored material, corrected",0,Low,None,Store Room Activity,Store Room,Minor Clutter,None,No Injury,Synthetic,No
1586,Worker stood in line of fire while pressure testing pipeline,1,Critical,Energy Isolation,Pressure Testing,Process Unit,Pressurized System,Isolation Not Verified,Explosion/Rupture,Synthetic,No
1587,Personnel removed guardrail without fall protection in place,1,Critical,Work at Height,Working at Height,Scaffold Area,Fall Hazard,Harness Not Anchored,Fall From Height,Synthetic,No
1588,"Routine inspection found minor housekeeping gap, closed same day",0,Low,None,Inspection Round,Plant Area,Housekeeping,None,No Injury,Synthetic,No
1589,Worker positioned under partially demolished structure during work,1,Critical,Line of Fire,Demolition Work,Construction Site,Structural Instability,Engineering Review Skipped,Structural Collapse,Synthetic,No
1590,Diver lost communication with surface team during subsea operation,1,Critical,Line of Fire,Diving/Marine Operations,Offshore Site,Underwater Hazard,Communication Loss,Drowning,Synthetic,No
1591,"Vehicle parked slightly outside marked bay, corrected on observation",0,Low,None,Parking Area,Parking Lot,Minor Obstruction,None,No Injury,Synthetic,No
1592,"Chair wheel slightly loose, reported for maintenance",0,Low,None,Housekeeping,Office,Slip Hazard,None,Minor Injury,Synthetic,No
1593,"Minor labeling error found on stored material, corrected",0,Low,None,Store Room Activity,Store Room,Minor Clutter,None,No Injury,Synthetic,No
1594,"Unlabeled bin found during safety walk, corrected on spot",0,Low,None,Inspection Round,Plant Area,Housekeeping,None,No Injury,Synthetic,No
1595,Ladder access missing for worker inside deep trench,1,Critical,Excavation,Excavation Work,Pipeline Trench,Trench Collapse,No Shoring Installed,Burial/Suffocation,Synthetic,No
1596,Sparks from grinding ignited nearby oily rags in work area,1,Critical,Hot Work,Hot Work,Process Unit,Flammable Atmosphere,Gas Test Not Done,Fire/Explosion,Synthetic,No
1597,Small bruise reported after minor bump against equipment,0,Low,None,General Maintenance,Workshop,Minor Cut Hazard,None,First Aid Case,Synthetic,No
1598,Worker stood in line of fire while pressure testing pipeline,1,Critical,Energy Isolation,Pressure Testing,Process Unit,Pressurized System,Isolation Not Verified,Explosion/Rupture,Synthetic,No
1599,Worker climbed scaffold without securing safety harness,1,Critical,Work at Height,Working at Height,Scaffold Area,Fall Hazard,Harness Not Anchored,Fall From Height,Synthetic,No
1600,Confined space entry made without permit or gas monitoring,1,Critical,Confined Space,Tank Entry,Tank Farm,Toxic Atmosphere,Gas Testing Skipped,Asphyxiation,Synthetic,No
1601,Excavation carried out without checking for buried utility lines,1,Critical,Excavation,Excavation Work,Pipeline Trench,Trench Collapse,No Shoring Installed,Burial/Suffocation,Synthetic,No
1602,Energized equipment opened for repair without isolation verification,1,Critical,Energy Isolation,Electrical Maintenance,Production Area,Electrical Energy,LOTO Not Applied,Electrocution,Synthetic,No
1603,Vessel cleaning started without a standby attendant at entry point,1,Critical,Confined Space,Vessel Cleaning,Process Unit,Inert Atmosphere,Attendant Not Present,Asphyxiation,Synthetic,No
1604,Demolition proceeded without structural stability assessment,1,Critical,Line of Fire,Demolition Work,Construction Site,Structural Instability,Engineering Review Skipped,Structural Collapse,Synthetic,No
1605,Hot work permit expired but welding continued in process area,1,Critical,Hot Work,Hot Work,Process Unit,Flammable Atmosphere,Gas Test Not Done,Fire/Explosion,Synthetic,No
1606,"Minor labeling error found on stored material, corrected",0,Low,None,Store Room Activity,Store Room,Minor Clutter,None,No Injury,Synthetic,No
1607,"Minor spill near break room refrigerator, cleaned promptly",0,Low,None,Break Room Activity,Break Room,Minor Hygiene Issue,None,No Injury,Synthetic,No
1608,Demolition proceeded without structural stability assessment,1,Critical,Line of Fire,Demolition Work,Construction Site,Structural Instability,Engineering Review Skipped,Structural Collapse,Synthetic,No
1609,Valve opened on pressurized line without depressurizing first,1,Critical,Energy Isolation,Pressure Testing,Process Unit,Pressurized System,Isolation Not Verified,Explosion/Rupture,Synthetic,No
1610,Worker entered unshored trench deeper than 1.5 meters,1,Critical,Excavation,Excavation Work,Pipeline Trench,Trench Collapse,No Shoring Installed,Burial/Suffocation,Synthetic,No
1611,Trench walls collapsed while worker was inside unsupported excavation,1,Critical,Excavation,Excavation Work,Pipeline Trench,Trench Collapse,No Shoring Installed,Burial/Suffocation,Synthetic,No
1612,"Chair wheel slightly loose, reported for maintenance",0,Low,None,Housekeeping,Office,Slip Hazard,None,Minor Injury,Synthetic,No
1613,Vessel cleaning started without a standby attendant at entry point,1,Critical,Confined Space,Vessel Cleaning,Process Unit,Inert Atmosphere,Attendant Not Present,Asphyxiation,Synthetic,No
1614,Loose stationery observed on office desk,0,Low,None,Housekeeping,Office,Slip Hazard,None,Minor Injury,Synthetic,No
1615,"Minor food spillage near canteen counter, cleaned promptly",0,Low,None,Housekeeping,Canteen,Wet Floor,Warning Sign Missing,Minor Slip,Synthetic,No
1616,"Speed bump sign found faded in parking lot, replaced",0,Low,None,Parking Area,Parking Lot,Minor Obstruction,None,No Injury,Synthetic,No
1617,Vehicle collided with pedestrian near site gate due to speeding,1,Critical,Safe Driving,Vehicle Operation,Site Road,Moving Vehicle,Seatbelt Not Worn,Vehicle Collision,Synthetic,No
1618,"Minor food spillage near canteen counter, cleaned promptly",0,Low,None,Housekeeping,Canteen,Wet Floor,Warning Sign Missing,Minor Slip,Synthetic,No
1619,Rescue plan not in place before confined space entry began,1,Critical,Confined Space,Tank Entry,Tank Farm,Toxic Atmosphere,Gas Testing Skipped,Asphyxiation,Synthetic,No
1620,Worker entered unshored trench deeper than 1.5 meters,1,Critical,Excavation,Excavation Work,Pipeline Trench,Trench Collapse,No Shoring Installed,Burial/Suffocation,Synthetic,No
1621,Chemical spill occurred during transfer without containment,1,Critical,Chemical Handling,Chemical Handling,Chemical Storage,Corrosive Substance,PPE Not Worn,Chemical Burn,Synthetic,No
1622,Valve opened on pressurized line without depressurizing first,1,Critical,Energy Isolation,Pressure Testing,Process Unit,Pressurized System,Isolation Not Verified,Explosion/Rupture,Synthetic,No
1623,Worker walked on fragile roof sheet without crawling boards,1,Critical,Work at Height,Roof Work,Rooftop,Fragile Surface,No Fall Arrest System,Fall From Height,Synthetic,No
1624,"Minor food spillage near canteen counter, cleaned promptly",0,Low,None,Housekeeping,Canteen,Wet Floor,Warning Sign Missing,Minor Slip,Synthetic,No
1625,Worker handled corrosive chemical without proper PPE,1,Critical,Chemical Handling,Chemical Handling,Chemical Storage,Corrosive Substance,PPE Not Worn,Chemical Burn,Synthetic,No
1626,"Wet floor in canteen without warning sign, corrected quickly",0,Low,None,Housekeeping,Canteen,Wet Floor,Warning Sign Missing,Minor Slip,Synthetic,No
1627,Vessel cleaning started without a standby attendant at entry point,1,Critical,Confined Space,Vessel Cleaning,Process Unit,Inert Atmosphere,Attendant Not Present,Asphyxiation,Synthetic,No
1628,Marine work continued despite deteriorating weather conditions,1,Critical,Line of Fire,Diving/Marine Operations,Offshore Site,Underwater Hazard,Communication Loss,Drowning,Synthetic,No
1629,"Speed bump sign found faded in parking lot, replaced",0,Low,None,Parking Area,Parking Lot,Minor Obstruction,None,No Injury,Synthetic,No
1630,Roof access made without anchor point for fall arrest harness,1,Critical,Work at Height,Roof Work,Rooftop,Fragile Surface,No Fall Arrest System,Fall From Height,Synthetic,No
1631,"Minor clutter in break room seating area, tidied up",0,Low,None,Break Room Activity,Break Room,Minor Hygiene Issue,None,No Injury,Synthetic,No
1632,"Speed bump sign found faded in parking lot, replaced",0,Low,None,Parking Area,Parking Lot,Minor Obstruction,None,No Injury,Synthetic,No
1633,Padlock and tag missing on isolated breaker during panel repair,1,Critical,Energy Isolation,Electrical Maintenance,Production Area,Electrical Energy,LOTO Not Applied,Electrocution,Synthetic,No
1634,"Coffee machine leak observed in break room, reported for repair",0,Low,None,Break Room Activity,Break Room,Minor Hygiene Issue,None,No Injury,Synthetic,No
1635,Driver showed signs of fatigue during long haul transport run,1,Critical,Safe Driving,Vehicle Operation,Site Road,Moving Vehicle,Seatbelt Not Worn,Vehicle Collision,Synthetic,No
1636,Hot work permit expired but welding continued in process area,1,Critical,Hot Work,Hot Work,Process Unit,Flammable Atmosphere,Gas Test Not Done,Fire/Explosion,Synthetic,No
1637,Worker removed isolation lock before job completion certificate issued,1,Critical,Energy Isolation,Electrical Maintenance,Production Area,Electrical Energy,LOTO Not Applied,Electrocution,Synthetic,No
1638,"Minor clutter in break room seating area, tidied up",0,Low,None,Break Room Activity,Break Room,Minor Hygiene Issue,None,No Injury,Synthetic,No
1639,"Routine inspection found minor housekeeping gap, closed same day",0,Low,None,Inspection Round,Plant Area,Housekeeping,None,No Injury,Synthetic,No
1640,Ladder access missing for worker inside deep trench,1,Critical,Excavation,Excavation Work,Pipeline Trench,Trench Collapse,No Shoring Installed,Burial/Suffocation,Synthetic,No
1641,"Minor scrape while unpacking material crate, first aid applied",0,Low,None,General Maintenance,Workshop,Minor Cut Hazard,None,First Aid Case,Synthetic,No
1642,"Label missing on storage bin, corrected during audit",0,Low,None,Warehouse Operations,Warehouse,Stacked Material,Proper Stacking Missed,Minor Injury,Synthetic,No
1643,Scaffold used without completion tag or inspection sign-off,1,Critical,Work at Height,Working at Height,Scaffold Area,Fall Hazard,Harness Not Anchored,Fall From Height,Synthetic,No
1644,Ventilation blower switched off while worker still inside vessel,1,Critical,Confined Space,Tank Entry,Tank Farm,Toxic Atmosphere,Gas Testing Skipped,Asphyxiation,Synthetic,No
1645,Cutting torch used near open flammable liquid without isolation,1,Critical,Hot Work,Hot Work,Process Unit,Flammable Atmosphere,Gas Test Not Done,Fire/Explosion,Synthetic,No
1646,"Unlabeled bin found during safety walk, corrected on spot",0,Low,None,Inspection Round,Plant Area,Housekeeping,None,No Injury,Synthetic,No
1647,"Pallet placed close to walkway, minor obstruction noted",0,Low,None,Warehouse Operations,Warehouse,Stacked Material,Proper Stacking Missed,Minor Injury,Synthetic,No
1648,Diver lost communication with surface team during subsea operation,1,Critical,Line of Fire,Diving/Marine Operations,Offshore Site,Underwater Hazard,Communication Loss,Drowning,Synthetic,No
1649,"Coffee machine leak observed in break room, reported for repair",0,Low,None,Break Room Activity,Break Room,Minor Hygiene Issue,None,No Injury,Synthetic,No
1650,"Minor labeling error found on stored material, corrected",0,Low,None,Store Room Activity,Store Room,Minor Clutter,None,No Injury,Synthetic,No
1651,Minor signage fading observed during routine walkthrough,0,Low,None,Inspection Round,Plant Area,Housekeeping,None,No Injury,Synthetic,No
1652,"Fire extinguisher tag found slightly faded, replaced promptly",0,Low,None,Inspection Round,Plant Area,Housekeeping,None,No Injury,Synthetic,No
1653,Heavy debris dropped near active work zone without exclusion barrier,1,Critical,Line of Fire,Demolition Work,Construction Site,Structural Instability,Engineering Review Skipped,Structural Collapse,Synthetic,No
1654,Worker entered nitrogen-purged vessel without gas test clearance,1,Critical,Confined Space,Vessel Cleaning,Process Unit,Inert Atmosphere,Attendant Not Present,Asphyxiation,Synthetic,No
1655,Worker walked behind reversing dumper without eye contact with operator,1,Critical,Line of Fire,Mobile Equipment,Yard,Reversing Vehicle,Spotter Absent,Struck-By Injury,Synthetic,No
1656,Minor dust accumulation observed on warehouse shelving,0,Low,None,Warehouse Operations,Warehouse,Stacked Material,Proper Stacking Missed,Minor Injury,Synthetic,No
1657,"Pallet placed close to walkway, minor obstruction noted",0,Low,None,Warehouse Operations,Warehouse,Stacked Material,Proper Stacking Missed,Minor Injury,Synthetic,No
1658,"Floor mat displaced near canteen door, minor trip risk",0,Low,None,Housekeeping,Canteen,Wet Floor,Warning Sign Missing,Minor Slip,Synthetic,No
1659,Padlock and tag missing on isolated breaker during panel repair,1,Critical,Energy Isolation,Electrical Maintenance,Production Area,Electrical Energy,LOTO Not Applied,Electrocution,Synthetic,No
1660,"Minor spill near break room refrigerator, cleaned promptly",0,Low,None,Break Room Activity,Break Room,Minor Hygiene Issue,None,No Injury,Synthetic,No
1661,Barricade removed prematurely while overhead lift was still in progress,1,Critical,Line of Fire,Lifting Operations,Loading Area,Suspended Load,Exclusion Zone Breach,Fatal Crushing,Synthetic,No
1662,"Minor pothole noted in parking area, reported for repair",0,Low,None,Parking Area,Parking Lot,Minor Obstruction,None,No Injury,Synthetic,No
1663,Personnel walked under load being lifted by mobile crane,1,Critical,Line of Fire,Lifting Operations,Loading Area,Suspended Load,Exclusion Zone Breach,Fatal Crushing,Synthetic,No
1664,Worker walked on fragile roof sheet without crawling boards,1,Critical,Work at Height,Roof Work,Rooftop,Fragile Surface,No Fall Arrest System,Fall From Height,Synthetic,No
1665,Worker entered nitrogen-purged vessel without gas test clearance,1,Critical,Confined Space,Vessel Cleaning,Process Unit,Inert Atmosphere,Attendant Not Present,Asphyxiation,Synthetic,No
1666,"Boxes stacked slightly above recommended height, corrected on observation",0,Low,None,Warehouse Operations,Warehouse,Stacked Material,Proper Stacking Missed,Minor Injury,Synthetic,No
1667,Electrical maintenance started without power isolation,1,Critical,Energy Isolation,Electrical Maintenance,Production Area,Electrical Energy,LOTO Not Applied,Electrocution,Synthetic,No
1668,"Minor scrape while unpacking material crate, first aid applied",0,Low,None,General Maintenance,Workshop,Minor Cut Hazard,None,First Aid Case,Synthetic,No
1669,Marine work continued despite deteriorating weather conditions,1,Critical,Line of Fire,Diving/Marine Operations,Offshore Site,Underwater Hazard,Communication Loss,Drowning,Synthetic,No
1670,Incompatible chemicals stored together causing reactive spill risk,1,Critical,Chemical Handling,Chemical Handling,Chemical Storage,Corrosive Substance,PPE Not Worn,Chemical Burn,Synthetic,No
1671,"Routine inspection found minor housekeeping gap, closed same day",0,Low,None,Inspection Round,Plant Area,Housekeeping,None,No Injury,Synthetic,No
1672,Minor slip near canteen entrance due to spilled water,0,Low,None,Housekeeping,Canteen,Wet Floor,Warning Sign Missing,Minor Slip,Synthetic,No
1673,Padlock and tag missing on isolated breaker during panel repair,1,Critical,Energy Isolation,Electrical Maintenance,Production Area,Electrical Energy,LOTO Not Applied,Electrocution,Synthetic,No
1674,Vehicle collided with pedestrian near site gate due to speeding,1,Critical,Safe Driving,Vehicle Operation,Site Road,Moving Vehicle,Seatbelt Not Worn,Vehicle Collision,Synthetic,No
1675,Minor documentation gap noted during routine audit,0,Low,None,Inspection Round,Plant Area,Housekeeping,None,No Injury,Synthetic,No
1676,Small bruise reported after minor bump against equipment,0,Low,None,General Maintenance,Workshop,Minor Cut Hazard,None,First Aid Case,Synthetic,No
1677,"Vehicle parked slightly outside marked bay, corrected on observation",0,Low,None,Parking Area,Parking Lot,Minor Obstruction,None,No Injury,Synthetic,No
1678,"Projector malfunction reported during toolbox talk, resolved quickly",0,Low,None,Training Session,Training Room,None,None,No Injury,Synthetic,No
1679,Personnel walked under load being lifted by mobile crane,1,Critical,Line of Fire,Lifting Operations,Loading Area,Suspended Load,Exclusion Zone Breach,Fatal Crushing,Synthetic,No
1680,Energized equipment opened for repair without isolation verification,1,Critical,Energy Isolation,Electrical Maintenance,Production Area,Electrical Energy,LOTO Not Applied,Electrocution,Synthetic,No
1681,Confined space entry made without permit or gas monitoring,1,Critical,Confined Space,Tank Entry,Tank Farm,Toxic Atmosphere,Gas Testing Skipped,Asphyxiation,Synthetic,No
1682,"Expired item found in store inventory, removed during check",0,Low,None,Store Room Activity,Store Room,Minor Clutter,None,No Injury,Synthetic,No
1683,Minor dust accumulation observed on warehouse shelving,0,Low,None,Warehouse Operations,Warehouse,Stacked Material,Proper Stacking Missed,Minor Injury,Synthetic,No
1684,Heavy debris dropped near active work zone without exclusion barrier,1,Critical,Line of Fire,Demolition Work,Construction Site,Structural Instability,Engineering Review Skipped,Structural Collapse,Synthetic,No
1685,Personnel walked under load being lifted by mobile crane,1,Critical,Line of Fire,Lifting Operations,Loading Area,Suspended Load,Exclusion Zone Breach,Fatal Crushing,Synthetic,No
1686,"Boxes stacked slightly above recommended height, corrected on observation",0,Low,None,Warehouse Operations,Warehouse,Stacked Material,Proper Stacking Missed,Minor Injury,Synthetic,No
1687,"Minor clutter observed near store room shelving, cleared promptly",0,Low,None,Store Room Activity,Store Room,Minor Clutter,None,No Injury,Synthetic,No
1688,"Minor pothole noted in parking area, reported for repair",0,Low,None,Parking Area,Parking Lot,Minor Obstruction,None,No Injury,Synthetic,No
1689,"Routine inspection found minor housekeeping gap, closed same day",0,Low,None,Inspection Round,Plant Area,Housekeeping,None,No Injury,Synthetic,No
1690,Personnel walked under load being lifted by mobile crane,1,Critical,Line of Fire,Lifting Operations,Loading Area,Suspended Load,Exclusion Zone Breach,Fatal Crushing,Synthetic,No
1691,"Label missing on storage bin, corrected during audit",0,Low,None,Warehouse Operations,Warehouse,Stacked Material,Proper Stacking Missed,Minor Injury,Synthetic,No
1692,Small bruise reported after minor bump against equipment,0,Low,None,General Maintenance,Workshop,Minor Cut Hazard,None,First Aid Case,Synthetic,No
1693,Minor slip near canteen entrance due to spilled water,0,Low,None,Housekeeping,Canteen,Wet Floor,Warning Sign Missing,Minor Slip,Synthetic,No
1694,Roof access made without anchor point for fall arrest harness,1,Critical,Work at Height,Roof Work,Rooftop,Fragile Surface,No Fall Arrest System,Fall From Height,Synthetic,No
1695,"Minor food spillage near canteen counter, cleaned promptly",0,Low,None,Housekeeping,Canteen,Wet Floor,Warning Sign Missing,Minor Slip,Synthetic,No
1696,Forklift reversed without a spotter in congested yard area,1,Critical,Line of Fire,Mobile Equipment,Yard,Reversing Vehicle,Spotter Absent,Struck-By Injury,Synthetic,No
1697,"Routine inspection found minor housekeeping gap, closed same day",0,Low,None,Inspection Round,Plant Area,Housekeeping,None,No Injury,Synthetic,No
1698,Excavation carried out without checking for buried utility lines,1,Critical,Excavation,Excavation Work,Pipeline Trench,Trench Collapse,No Shoring Installed,Burial/Suffocation,Synthetic,No
1699,Confined space permit expired but work continued inside tank,1,Critical,Confined Space,Vessel Cleaning,Process Unit,Inert Atmosphere,Attendant Not Present,Asphyxiation,Synthetic,No
1700,"Minor clutter observed near store room shelving, cleared promptly",0,Low,None,Store Room Activity,Store Room,Minor Clutter,None,No Injury,Synthetic,No
1701,Worker contacted overhead power line while operating boom lift nearby,1,Critical,Energy Isolation,Electrical Maintenance,Substation,High Voltage Line,Isolation Point Skipped,Electrocution,Synthetic,No
1702,"Fire extinguisher tag found slightly faded, replaced promptly",0,Low,None,Inspection Round,Plant Area,Housekeeping,None,No Injury,Synthetic,No
1703,Employee reported minor back discomfort from office chair,0,Low,None,Office Work,Office,Ergonomic,None,Minor Discomfort,Synthetic,No
1704,"Coffee machine leak observed in break room, reported for repair",0,Low,None,Break Room Activity,Break Room,Minor Hygiene Issue,None,No Injury,Synthetic,No
1705,Electrician bypassed LOTO procedure while repairing motor circuit,1,Critical,Energy Isolation,Electrical Maintenance,Production Area,Electrical Energy,LOTO Not Applied,Electrocution,Synthetic,No
1706,"Vehicle parked slightly outside marked bay, corrected on observation",0,Low,None,Parking Area,Parking Lot,Minor Obstruction,None,No Injury,Synthetic,No
1707,Heavy debris dropped near active work zone without exclusion barrier,1,Critical,Line of Fire,Demolition Work,Construction Site,Structural Instability,Engineering Review Skipped,Structural Collapse,Synthetic,No
1708,Hot work permit expired but welding continued in process area,1,Critical,Hot Work,Hot Work,Process Unit,Flammable Atmosphere,Gas Test Not Done,Fire/Explosion,Synthetic,No
1709,Excavation carried out without checking for buried utility lines,1,Critical,Excavation,Excavation Work,Pipeline Trench,Trench Collapse,No Shoring Installed,Burial/Suffocation,Synthetic,No
1710,Pressure test conducted without verifying line isolation,1,Critical,Energy Isolation,Pressure Testing,Process Unit,Pressurized System,Isolation Not Verified,Explosion/Rupture,Synthetic,No
1711,Minor slip near canteen entrance due to spilled water,0,Low,None,Housekeeping,Canteen,Wet Floor,Warning Sign Missing,Minor Slip,Synthetic,No
1712,Worker entered tank without atmospheric gas testing,1,Critical,Confined Space,Tank Entry,Tank Farm,Toxic Atmosphere,Gas Testing Skipped,Asphyxiation,Synthetic,No
1713,"Minor spill near break room refrigerator, cleaned promptly",0,Low,None,Break Room Activity,Break Room,Minor Hygiene Issue,None,No Injury,Synthetic,No
1714,Worker removed isolation lock before job completion certificate issued,1,Critical,Energy Isolation,Electrical Maintenance,Production Area,Electrical Energy,LOTO Not Applied,Electrocution,Synthetic,No
1715,"Attendance register missing signature, corrected same day",0,Low,None,Training Session,Training Room,None,None,No Injury,Synthetic,No
1716,Machine guard removed while equipment was still running,1,Critical,Machine Guarding,Machine Operation,Workshop,Rotating Equipment,Guard Removed,Amputation,Synthetic,No
1717,Minor housekeeping issue near office entrance,0,Low,None,Housekeeping,Office,Slip Hazard,None,Minor Injury,Synthetic,No
1718,Rescue plan not in place before confined space entry began,1,Critical,Confined Space,Tank Entry,Tank Farm,Toxic Atmosphere,Gas Testing Skipped,Asphyxiation,Synthetic,No
1719,Electrician bypassed LOTO procedure while repairing motor circuit,1,Critical,Energy Isolation,Electrical Maintenance,Production Area,Electrical Energy,LOTO Not Applied,Electrocution,Synthetic,No
1720,Chemical spill occurred during transfer without containment,1,Critical,Chemical Handling,Chemical Handling,Chemical Storage,Corrosive Substance,PPE Not Worn,Chemical Burn,Synthetic,No
1721,Interlock switch bypassed to keep production running during jam clearance,1,Critical,Machine Guarding,Machine Operation,Workshop,Rotating Equipment,Guard Removed,Amputation,Synthetic,No
1722,"Routine inspection found minor housekeeping gap, closed same day",0,Low,None,Inspection Round,Plant Area,Housekeeping,None,No Injury,Synthetic,No
1723,"Minor labeling error found on stored material, corrected",0,Low,None,Store Room Activity,Store Room,Minor Clutter,None,No Injury,Synthetic,No
1724,Driver showed signs of fatigue during long haul transport run,1,Critical,Safe Driving,Vehicle Operation,Site Road,Moving Vehicle,Seatbelt Not Worn,Vehicle Collision,Synthetic,No
1725,"Projector malfunction reported during toolbox talk, resolved quickly",0,Low,None,Training Session,Training Room,None,None,No Injury,Synthetic,No
1726,Confined space permit expired but work continued inside tank,1,Critical,Confined Space,Vessel Cleaning,Process Unit,Inert Atmosphere,Attendant Not Present,Asphyxiation,Synthetic,No
1727,"Expired item found in store inventory, removed during check",0,Low,None,Store Room Activity,Store Room,Minor Clutter,None,No Injury,Synthetic,No
1728,Small bruise reported after minor bump against equipment,0,Low,None,General Maintenance,Workshop,Minor Cut Hazard,None,First Aid Case,Synthetic,No
1729,"Minor clutter observed near store room shelving, cleared promptly",0,Low,None,Store Room Activity,Store Room,Minor Clutter,None,No Injury,Synthetic,No
1730,"Minor pothole noted in parking area, reported for repair",0,Low,None,Parking Area,Parking Lot,Minor Obstruction,None,No Injury,Synthetic,No
1731,"Small water spill near pantry area, promptly cleaned",0,Low,None,Housekeeping,Office,Slip Hazard,None,Minor Injury,Synthetic,No
1732,Worker pinched finger lightly while closing toolbox,0,Low,None,General Maintenance,Workshop,Minor Cut Hazard,None,First Aid Case,Synthetic,No
1733,Confined space permit expired but work continued inside tank,1,Critical,Confined Space,Vessel Cleaning,Process Unit,Inert Atmosphere,Attendant Not Present,Asphyxiation,Synthetic,No
1734,"Unlabeled bin found during safety walk, corrected on spot",0,Low,None,Inspection Round,Plant Area,Housekeeping,None,No Injury,Synthetic,No
1735,Minor housekeeping issue near office entrance,0,Low,None,Housekeeping,Office,Slip Hazard,None,Minor Injury,Synthetic,No
1736,"Coffee machine leak observed in break room, reported for repair",0,Low,None,Break Room Activity,Break Room,Minor Hygiene Issue,None,No Injury,Synthetic,No
1737,Vehicle exceeded site speed limit near pedestrian crossing,1,Critical,Safe Driving,Vehicle Operation,Site Road,Moving Vehicle,Seatbelt Not Worn,Vehicle Collision,Synthetic,No
1738,Load lifted without verifying rigging certification,1,Critical,Line of Fire,Lifting Operations,Yard,Overhead Crane,Load Chart Exceeded,Structural Failure,Synthetic,No
1739,Employee working inside trench without spoil pile setback,1,Critical,Excavation,Excavation Work,Pipeline Trench,Trench Collapse,No Shoring Installed,Burial/Suffocation,Synthetic,No
1740,"Floor mat displaced near canteen door, minor trip risk",0,Low,None,Housekeeping,Canteen,Wet Floor,Warning Sign Missing,Minor Slip,Synthetic,No
1741,"Projector malfunction reported during toolbox talk, resolved quickly",0,Low,None,Training Session,Training Room,None,None,No Injury,Synthetic,No
1742,Worker walked on fragile roof sheet without crawling boards,1,Critical,Work at Height,Roof Work,Rooftop,Fragile Surface,No Fall Arrest System,Fall From Height,Synthetic,No
1743,"Attendance register missing signature, corrected same day",0,Low,None,Training Session,Training Room,None,None,No Injury,Synthetic,No
1744,"Minor spill near break room refrigerator, cleaned promptly",0,Low,None,Break Room Activity,Break Room,Minor Hygiene Issue,None,No Injury,Synthetic,No
1745,Paper waste bin overflowing near workstation,0,Low,None,Housekeeping,Office,Slip Hazard,None,Minor Injury,Synthetic,No
1746,Employee entered vessel before oxygen levels were verified,1,Critical,Confined Space,Tank Entry,Tank Farm,Toxic Atmosphere,Gas Testing Skipped,Asphyxiation,Synthetic,No
1747,Trench walls collapsed while worker was inside unsupported excavation,1,Critical,Excavation,Excavation Work,Pipeline Trench,Trench Collapse,No Shoring Installed,Burial/Suffocation,Synthetic,No
1748,Forklift reversed without a spotter in congested yard area,1,Critical,Line of Fire,Mobile Equipment,Yard,Reversing Vehicle,Spotter Absent,Struck-By Injury,Synthetic,No
1749,Ladder access missing for worker inside deep trench,1,Critical,Excavation,Excavation Work,Pipeline Trench,Trench Collapse,No Shoring Installed,Burial/Suffocation,Synthetic,No
1750,"Unlabeled bin found during safety walk, corrected on spot",0,Low,None,Inspection Round,Plant Area,Housekeeping,None,No Injury,Synthetic,No
1751,Worker pinched finger lightly while closing toolbox,0,Low,None,General Maintenance,Workshop,Minor Cut Hazard,None,First Aid Case,Synthetic,No
1752,"Chair wheel slightly loose, reported for maintenance",0,Low,None,Housekeeping,Office,Slip Hazard,None,Minor Injury,Synthetic,No
1753,"Fire extinguisher tag found slightly faded, replaced promptly",0,Low,None,Inspection Round,Plant Area,Housekeeping,None,No Injury,Synthetic,No
1754,"Pallet placed close to walkway, minor obstruction noted",0,Low,None,Warehouse Operations,Warehouse,Stacked Material,Proper Stacking Missed,Minor Injury,Synthetic,No
1755,Electrical maintenance started without power isolation,1,Critical,Energy Isolation,Electrical Maintenance,Production Area,Electrical Energy,LOTO Not Applied,Electrocution,Synthetic,No
1756,Worker stood below suspended crane load during lifting operation,1,Critical,Line of Fire,Lifting Operations,Loading Area,Suspended Load,Exclusion Zone Breach,Fatal Crushing,Synthetic,No
1757,Padlock and tag missing on isolated breaker during panel repair,1,Critical,Energy Isolation,Electrical Maintenance,Production Area,Electrical Energy,LOTO Not Applied,Electrocution,Synthetic,No
1758,Overloaded sling used during material lifting operation,1,Critical,Line of Fire,Lifting Operations,Yard,Overhead Crane,Load Chart Exceeded,Structural Failure,Synthetic,No
1759,"Projector malfunction reported during toolbox talk, resolved quickly",0,Low,None,Training Session,Training Room,None,None,No Injury,Synthetic,No
1760,"Projector malfunction reported during toolbox talk, resolved quickly",0,Low,None,Training Session,Training Room,None,None,No Injury,Synthetic,No
1761,"Coffee machine leak observed in break room, reported for repair",0,Low,None,Break Room Activity,Break Room,Minor Hygiene Issue,None,No Injury,Synthetic,No
1762,Sparks from grinding ignited nearby oily rags in work area,1,Critical,Hot Work,Hot Work,Process Unit,Flammable Atmosphere,Gas Test Not Done,Fire/Explosion,Synthetic,No
1763,Minor signage fading observed during routine walkthrough,0,Low,None,Inspection Round,Plant Area,Housekeeping,None,No Injury,Synthetic,No
1764,"Minor clutter in break room seating area, tidied up",0,Low,None,Break Room Activity,Break Room,Minor Hygiene Issue,None,No Injury,Synthetic,No
1765,"Vehicle parked slightly outside marked bay, corrected on observation",0,Low,None,Parking Area,Parking Lot,Minor Obstruction,None,No Injury,Synthetic,No
1766,Minor scheduling delay reported during safety training session,0,Low,None,Training Session,Training Room,None,None,No Injury,Synthetic,No
1767,"Minor material spillage in warehouse aisle, cleaned immediately",0,Low,None,Warehouse Operations,Warehouse,Stacked Material,Proper Stacking Missed,Minor Injury,Synthetic,No
1768,Sparks from grinding ignited nearby oily rags in work area,1,Critical,Hot Work,Hot Work,Process Unit,Flammable Atmosphere,Gas Test Not Done,Fire/Explosion,Synthetic,No
1769,Minor eye strain reported after prolonged screen use,0,Low,None,Office Work,Office,Ergonomic,None,Minor Discomfort,Synthetic,No
1770,Worker handled corrosive chemical without proper PPE,1,Critical,Chemical Handling,Chemical Handling,Chemical Storage,Corrosive Substance,PPE Not Worn,Chemical Burn,Synthetic,No
1771,Minor scheduling delay reported during safety training session,0,Low,None,Training Session,Training Room,None,None,No Injury,Synthetic,No
1772,Worker walked behind reversing dumper without eye contact with operator,1,Critical,Line of Fire,Mobile Equipment,Yard,Reversing Vehicle,Spotter Absent,Struck-By Injury,Synthetic,No
1773,"Routine inspection found minor housekeeping gap, closed same day",0,Low,None,Inspection Round,Plant Area,Housekeeping,None,No Injury,Synthetic,No
1774,Overloaded sling used during material lifting operation,1,Critical,Line of Fire,Lifting Operations,Yard,Overhead Crane,Load Chart Exceeded,Structural Failure,Synthetic,No
1775,Chemical spill occurred during transfer without containment,1,Critical,Chemical Handling,Chemical Handling,Chemical Storage,Corrosive Substance,PPE Not Worn,Chemical Burn,Synthetic,No
1776,Energized equipment opened for repair without isolation verification,1,Critical,Energy Isolation,Electrical Maintenance,Production Area,Electrical Energy,LOTO Not Applied,Electrocution,Synthetic,No
1777,Loader operated near pedestrian walkway without horn warning,1,Critical,Line of Fire,Mobile Equipment,Yard,Reversing Vehicle,Spotter Absent,Struck-By Injury,Synthetic,No
1778,"Minor scrape while unpacking material crate, first aid applied",0,Low,None,General Maintenance,Workshop,Minor Cut Hazard,None,First Aid Case,Synthetic,No
1779,"Vehicle parked slightly outside marked bay, corrected on observation",0,Low,None,Parking Area,Parking Lot,Minor Obstruction,None,No Injury,Synthetic,No
1780,Worker pinched finger lightly while closing toolbox,0,Low,None,General Maintenance,Workshop,Minor Cut Hazard,None,First Aid Case,Synthetic,No
1781,"Vehicle parked slightly outside marked bay, corrected on observation",0,Low,None,Parking Area,Parking Lot,Minor Obstruction,None,No Injury,Synthetic,No
1782,Worker contacted overhead power line while operating boom lift nearby,1,Critical,Energy Isolation,Electrical Maintenance,Substation,High Voltage Line,Isolation Point Skipped,Electrocution,Synthetic,No
1783,Overloaded sling used during material lifting operation,1,Critical,Line of Fire,Lifting Operations,Yard,Overhead Crane,Load Chart Exceeded,Structural Failure,Synthetic,No
1784,"Speed bump sign found faded in parking lot, replaced",0,Low,None,Parking Area,Parking Lot,Minor Obstruction,None,No Injury,Synthetic,No
1785,Minor dust accumulation observed on warehouse shelving,0,Low,None,Warehouse Operations,Warehouse,Stacked Material,Proper Stacking Missed,Minor Injury,Synthetic,No
1786,Worker pinched finger lightly while closing toolbox,0,Low,None,General Maintenance,Workshop,Minor Cut Hazard,None,First Aid Case,Synthetic,No
1787,Ventilation blower switched off while worker still inside vessel,1,Critical,Confined Space,Tank Entry,Tank Farm,Toxic Atmosphere,Gas Testing Skipped,Asphyxiation,Synthetic,No
1788,"Tag line not used, worker exposed under suspended load near loading bay",1,Critical,Line of Fire,Lifting Operations,Loading Area,Suspended Load,Exclusion Zone Breach,Fatal Crushing,Synthetic,No
1789,Vehicle exceeded site speed limit near pedestrian crossing,1,Critical,Safe Driving,Vehicle Operation,Site Road,Moving Vehicle,Seatbelt Not Worn,Vehicle Collision,Synthetic,No
1790,Chemical spill occurred during transfer without containment,1,Critical,Chemical Handling,Chemical Handling,Chemical Storage,Corrosive Substance,PPE Not Worn,Chemical Burn,Synthetic,No
1791,"Minor clutter observed near store room shelving, cleared promptly",0,Low,None,Store Room Activity,Store Room,Minor Clutter,None,No Injury,Synthetic,No
1792,Rigger positioned himself in line of fire while load was being hoisted,1,Critical,Line of Fire,Lifting Operations,Loading Area,Suspended Load,Exclusion Zone Breach,Fatal Crushing,Synthetic,No
1793,Small bruise reported after minor bump against equipment,0,Low,None,General Maintenance,Workshop,Minor Cut Hazard,None,First Aid Case,Synthetic,No
1794,Minor dust accumulation observed on warehouse shelving,0,Low,None,Warehouse Operations,Warehouse,Stacked Material,Proper Stacking Missed,Minor Injury,Synthetic,No
1795,Minor dust accumulation observed on warehouse shelving,0,Low,None,Warehouse Operations,Warehouse,Stacked Material,Proper Stacking Missed,Minor Injury,Synthetic,No
1796,Scaffold used without completion tag or inspection sign-off,1,Critical,Work at Height,Working at Height,Scaffold Area,Fall Hazard,Harness Not Anchored,Fall From Height,Synthetic,No
1797,Employee requested footrest for ergonomic improvement,0,Low,None,Office Work,Office,Ergonomic,None,Minor Discomfort,Synthetic,No
1798,"Pallet placed close to walkway, minor obstruction noted",0,Low,None,Warehouse Operations,Warehouse,Stacked Material,Proper Stacking Missed,Minor Injury,Synthetic,No
1799,"Attendance register missing signature, corrected same day",0,Low,None,Training Session,Training Room,None,None,No Injury,Synthetic,No
1800,"Tag line not used, worker exposed under suspended load near loading bay",1,Critical,Line of Fire,Lifting Operations,Loading Area,Suspended Load,Exclusion Zone Breach,Fatal Crushing,Synthetic,No
1801,Minor eye strain reported after prolonged screen use,0,Low,None,Office Work,Office,Ergonomic,None,Minor Discomfort,Synthetic,No
1802,Employee reported minor splinter while handling wooden pallet,0,Low,None,General Maintenance,Workshop,Minor Cut Hazard,None,First Aid Case,Synthetic,No
1803,Minor dust accumulation observed on warehouse shelving,0,Low,None,Warehouse Operations,Warehouse,Stacked Material,Proper Stacking Missed,Minor Injury,Synthetic,No
1804,Worker walked on fragile roof sheet without crawling boards,1,Critical,Work at Height,Roof Work,Rooftop,Fragile Surface,No Fall Arrest System,Fall From Height,Synthetic,No
1805,Employee exposed to acid fumes due to ventilation failure,1,Critical,Chemical Handling,Chemical Handling,Chemical Storage,Corrosive Substance,PPE Not Worn,Chemical Burn,Synthetic,No
1806,"Floor mat displaced near canteen door, minor trip risk",0,Low,None,Housekeeping,Canteen,Wet Floor,Warning Sign Missing,Minor Slip,Synthetic,No
1807,Worker walked on unprotected edge at elevated platform,1,Critical,Work at Height,Working at Height,Scaffold Area,Fall Hazard,Harness Not Anchored,Fall From Height,Synthetic,No
1808,Scaffold used without completion tag or inspection sign-off,1,Critical,Work at Height,Working at Height,Scaffold Area,Fall Hazard,Harness Not Anchored,Fall From Height,Synthetic,No
1809,Marine work continued despite deteriorating weather conditions,1,Critical,Line of Fire,Diving/Marine Operations,Offshore Site,Underwater Hazard,Communication Loss,Drowning,Synthetic,No
1810,Worker positioned under partially demolished structure during work,1,Critical,Line of Fire,Demolition Work,Construction Site,Structural Instability,Engineering Review Skipped,Structural Collapse,Synthetic,No
1811,"Coffee machine leak observed in break room, reported for repair",0,Low,None,Break Room Activity,Break Room,Minor Hygiene Issue,None,No Injury,Synthetic,No
1812,"Minor food spillage near canteen counter, cleaned promptly",0,Low,None,Housekeeping,Canteen,Wet Floor,Warning Sign Missing,Minor Slip,Synthetic,No
1813,"Minor labeling error found on stored material, corrected",0,Low,None,Store Room Activity,Store Room,Minor Clutter,None,No Injury,Synthetic,No
1814,"Vehicle parked slightly outside marked bay, corrected on observation",0,Low,None,Parking Area,Parking Lot,Minor Obstruction,None,No Injury,Synthetic,No
1815,Sparks from grinding ignited nearby oily rags in work area,1,Critical,Hot Work,Hot Work,Process Unit,Flammable Atmosphere,Gas Test Not Done,Fire/Explosion,Synthetic,No
1816,Energized equipment opened for repair without isolation verification,1,Critical,Energy Isolation,Electrical Maintenance,Production Area,Electrical Energy,LOTO Not Applied,Electrocution,Synthetic,No
1817,Employee exposed to acid fumes due to ventilation failure,1,Critical,Chemical Handling,Chemical Handling,Chemical Storage,Corrosive Substance,PPE Not Worn,Chemical Burn,Synthetic,No
1818,Worker reached into moving conveyor without lockout,1,Critical,Machine Guarding,Machine Operation,Workshop,Rotating Equipment,Guard Removed,Amputation,Synthetic,No
1819,"Minor clutter in break room seating area, tidied up",0,Low,None,Break Room Activity,Break Room,Minor Hygiene Issue,None,No Injury,Synthetic,No
1820,Worker positioned under partially demolished structure during work,1,Critical,Line of Fire,Demolition Work,Construction Site,Structural Instability,Engineering Review Skipped,Structural Collapse,Synthetic,No
1821,"Projector malfunction reported during toolbox talk, resolved quickly",0,Low,None,Training Session,Training Room,None,None,No Injury,Synthetic,No
1822,Worker pinched finger lightly while closing toolbox,0,Low,None,General Maintenance,Workshop,Minor Cut Hazard,None,First Aid Case,Synthetic,No
1823,Paper waste bin overflowing near workstation,0,Low,None,Housekeeping,Office,Slip Hazard,None,Minor Injury,Synthetic,No
1824,Sparks from grinding ignited nearby oily rags in work area,1,Critical,Hot Work,Hot Work,Process Unit,Flammable Atmosphere,Gas Test Not Done,Fire/Explosion,Synthetic,No
1825,Minor signage fading observed during routine walkthrough,0,Low,None,Inspection Round,Plant Area,Housekeeping,None,No Injury,Synthetic,No
1826,"Pallet placed close to walkway, minor obstruction noted",0,Low,None,Warehouse Operations,Warehouse,Stacked Material,Proper Stacking Missed,Minor Injury,Synthetic,No
1827,Worker pinched finger lightly while closing toolbox,0,Low,None,General Maintenance,Workshop,Minor Cut Hazard,None,First Aid Case,Synthetic,No
1828,Employee reported minor splinter while handling wooden pallet,0,Low,None,General Maintenance,Workshop,Minor Cut Hazard,None,First Aid Case,Synthetic,No
1829,Barricade removed prematurely while overhead lift was still in progress,1,Critical,Line of Fire,Lifting Operations,Loading Area,Suspended Load,Exclusion Zone Breach,Fatal Crushing,Synthetic,No
1830,Worker positioned under partially demolished structure during work,1,Critical,Line of Fire,Demolition Work,Construction Site,Structural Instability,Engineering Review Skipped,Structural Collapse,Synthetic,No
1831,Minor signage fading observed during routine walkthrough,0,Low,None,Inspection Round,Plant Area,Housekeeping,None,No Injury,Synthetic,No
1832,Minor signage fading observed during routine walkthrough,0,Low,None,Inspection Round,Plant Area,Housekeeping,None,No Injury,Synthetic,No
1833,"Fire extinguisher tag found slightly faded, replaced promptly",0,Low,None,Inspection Round,Plant Area,Housekeeping,None,No Injury,Synthetic,No
1834,Driver did not wear seatbelt during transport on plant road,1,Critical,Safe Driving,Vehicle Operation,Site Road,Moving Vehicle,Seatbelt Not Worn,Vehicle Collision,Synthetic,No
1835,"Coffee machine leak observed in break room, reported for repair",0,Low,None,Break Room Activity,Break Room,Minor Hygiene Issue,None,No Injury,Synthetic,No
1836,Machine guard removed while equipment was still running,1,Critical,Machine Guarding,Machine Operation,Workshop,Rotating Equipment,Guard Removed,Amputation,Synthetic,No
1837,Rigger positioned himself in line of fire while load was being hoisted,1,Critical,Line of Fire,Lifting Operations,Loading Area,Suspended Load,Exclusion Zone Breach,Fatal Crushing,Synthetic,No
1838,"Minor food spillage near canteen counter, cleaned promptly",0,Low,None,Housekeeping,Canteen,Wet Floor,Warning Sign Missing,Minor Slip,Synthetic,No
1839,Machine guard removed while equipment was still running,1,Critical,Machine Guarding,Machine Operation,Workshop,Rotating Equipment,Guard Removed,Amputation,Synthetic,No
1840,Worker climbed scaffold without securing safety harness,1,Critical,Work at Height,Working at Height,Scaffold Area,Fall Hazard,Harness Not Anchored,Fall From Height,Synthetic,No
1841,Small bruise reported after minor bump against equipment,0,Low,None,General Maintenance,Workshop,Minor Cut Hazard,None,First Aid Case,Synthetic,No
1842,Worker walked on fragile roof sheet without crawling boards,1,Critical,Work at Height,Roof Work,Rooftop,Fragile Surface,No Fall Arrest System,Fall From Height,Synthetic,No
1843,Worker contacted overhead power line while operating boom lift nearby,1,Critical,Energy Isolation,Electrical Maintenance,Substation,High Voltage Line,Isolation Point Skipped,Electrocution,Synthetic,No
1844,Loose stationery observed on office desk,0,Low,None,Office Work,Office,Ergonomic,None,Minor Discomfort,Synthetic,No
1845,Loose stationery observed on office desk,0,Low,None,Office Work,Office,Ergonomic,None,Minor Discomfort,Synthetic,No
1846,Worker climbed scaffold without securing safety harness,1,Critical,Work at Height,Working at Height,Scaffold Area,Fall Hazard,Harness Not Anchored,Fall From Height,Synthetic,No
1847,"Projector malfunction reported during toolbox talk, resolved quickly",0,Low,None,Training Session,Training Room,None,None,No Injury,Synthetic,No
1848,Confined space permit expired but work continued inside tank,1,Critical,Confined Space,Vessel Cleaning,Process Unit,Inert Atmosphere,Attendant Not Present,Asphyxiation,Synthetic,No
1849,Forklift reversed without a spotter in congested yard area,1,Critical,Line of Fire,Mobile Equipment,Yard,Reversing Vehicle,Spotter Absent,Struck-By Injury,Synthetic,No
1850,Vessel cleaning started without a standby attendant at entry point,1,Critical,Confined Space,Vessel Cleaning,Process Unit,Inert Atmosphere,Attendant Not Present,Asphyxiation,Synthetic,No
1851,Ladder access missing for worker inside deep trench,1,Critical,Excavation,Excavation Work,Pipeline Trench,Trench Collapse,No Shoring Installed,Burial/Suffocation,Synthetic,No
1852,"Worker sustained minor cut while handling tools, first aid given",0,Low,None,General Maintenance,Workshop,Minor Cut Hazard,None,First Aid Case,Synthetic,No
1853,Loose stationery observed on office desk,0,Low,None,Office Work,Office,Ergonomic,None,Minor Discomfort,Synthetic,No
1854,Sparks from grinding ignited nearby oily rags in work area,1,Critical,Hot Work,Hot Work,Process Unit,Flammable Atmosphere,Gas Test Not Done,Fire/Explosion,Synthetic,No
1855,"Pallet placed close to walkway, minor obstruction noted",0,Low,None,Warehouse Operations,Warehouse,Stacked Material,Proper Stacking Missed,Minor Injury,Synthetic,No
1856,Employee exposed to acid fumes due to ventilation failure,1,Critical,Chemical Handling,Chemical Handling,Chemical Storage,Corrosive Substance,PPE Not Worn,Chemical Burn,Synthetic,No
1857,Driver did not wear seatbelt during transport on plant road,1,Critical,Safe Driving,Vehicle Operation,Site Road,Moving Vehicle,Seatbelt Not Worn,Vehicle Collision,Synthetic,No
1858,Signalman lost visual contact with crane operator during active lift,1,Critical,Line of Fire,Lifting Operations,Loading Area,Suspended Load,Exclusion Zone Breach,Fatal Crushing,Synthetic,No
1859,Small bruise reported after minor bump against equipment,0,Low,None,General Maintenance,Workshop,Minor Cut Hazard,None,First Aid Case,Synthetic,No
1860,Employee entered vessel before oxygen levels were verified,1,Critical,Confined Space,Tank Entry,Tank Farm,Toxic Atmosphere,Gas Testing Skipped,Asphyxiation,Synthetic,No
1861,"Cable lying on office floor, minor trip hazard noted",0,Low,None,Housekeeping,Office,Slip Hazard,None,Minor Injury,Synthetic,No
1862,"Cable lying on office floor, minor trip hazard noted",0,Low,None,Housekeeping,Office,Slip Hazard,None,Minor Injury,Synthetic,No
1863,"Minor spill near break room refrigerator, cleaned promptly",0,Low,None,Break Room Activity,Break Room,Minor Hygiene Issue,None,No Injury,Synthetic,No
1864,"Chair wheel slightly loose, reported for maintenance",0,Low,None,Housekeeping,Office,Slip Hazard,None,Minor Injury,Synthetic,No
1865,"Attendance register missing signature, corrected same day",0,Low,None,Training Session,Training Room,None,None,No Injury,Synthetic,No
1866,"Chair wheel slightly loose, reported for maintenance",0,Low,None,Housekeeping,Office,Slip Hazard,None,Minor Injury,Synthetic,No
1867,"Minor clutter observed near store room shelving, cleared promptly",0,Low,None,Store Room Activity,Store Room,Minor Clutter,None,No Injury,Synthetic,No
1868,"Worker sustained minor cut while handling tools, first aid given",0,Low,None,General Maintenance,Workshop,Minor Cut Hazard,None,First Aid Case,Synthetic,No
1869,"Vehicle parked slightly outside marked bay, corrected on observation",0,Low,None,Parking Area,Parking Lot,Minor Obstruction,None,No Injury,Synthetic,No
1870,"Fire extinguisher tag found slightly faded, replaced promptly",0,Low,None,Inspection Round,Plant Area,Housekeeping,None,No Injury,Synthetic,No
1871,Minor dust accumulation observed on warehouse shelving,0,Low,None,Warehouse Operations,Warehouse,Stacked Material,Proper Stacking Missed,Minor Injury,Synthetic,No
1872,Employee exposed to acid fumes due to ventilation failure,1,Critical,Chemical Handling,Chemical Handling,Chemical Storage,Corrosive Substance,PPE Not Worn,Chemical Burn,Synthetic,No
1873,"Minor clutter in break room seating area, tidied up",0,Low,None,Break Room Activity,Break Room,Minor Hygiene Issue,None,No Injury,Synthetic,No
1874,Worker reached into moving conveyor without lockout,1,Critical,Machine Guarding,Machine Operation,Workshop,Rotating Equipment,Guard Removed,Amputation,Synthetic,No
1875,Ladder used beyond safe working height without secondary support,1,Critical,Work at Height,Working at Height,Scaffold Area,Fall Hazard,Harness Not Anchored,Fall From Height,Synthetic,No
1876,"Chair wheel slightly loose, reported for maintenance",0,Low,None,Housekeeping,Office,Slip Hazard,None,Minor Injury,Synthetic,No
1877,Minor signage fading observed during routine walkthrough,0,Low,None,Inspection Round,Plant Area,Housekeeping,None,No Injury,Synthetic,No
1878,Excavation work carried out without protective shoring system,1,Critical,Excavation,Excavation Work,Pipeline Trench,Trench Collapse,No Shoring Installed,Burial/Suffocation,Synthetic,No
1879,"Minor pothole noted in parking area, reported for repair",0,Low,None,Parking Area,Parking Lot,Minor Obstruction,None,No Injury,Synthetic,No
1880,Employee requested footrest for ergonomic improvement,0,Low,None,Office Work,Office,Ergonomic,None,Minor Discomfort,Synthetic,No
1881,Loose stationery observed on office desk,0,Low,None,Housekeeping,Office,Slip Hazard,None,Minor Injury,Synthetic,No
1882,Padlock and tag missing on isolated breaker during panel repair,1,Critical,Energy Isolation,Electrical Maintenance,Production Area,Electrical Energy,LOTO Not Applied,Electrocution,Synthetic,No
1883,Worker walked behind reversing dumper without eye contact with operator,1,Critical,Line of Fire,Mobile Equipment,Yard,Reversing Vehicle,Spotter Absent,Struck-By Injury,Synthetic,No
1884,Minor housekeeping issue near office entrance,0,Low,None,Housekeeping,Office,Slip Hazard,None,Minor Injury,Synthetic,No
1885,"Worker sustained minor cut while handling tools, first aid given",0,Low,None,General Maintenance,Workshop,Minor Cut Hazard,None,First Aid Case,Synthetic,No
1886,Worker contacted overhead power line while operating boom lift nearby,1,Critical,Energy Isolation,Electrical Maintenance,Substation,High Voltage Line,Isolation Point Skipped,Electrocution,Synthetic,No
1887,"Minor labeling error found on stored material, corrected",0,Low,None,Store Room Activity,Store Room,Minor Clutter,None,No Injury,Synthetic,No
1888,Employee requested footrest for ergonomic improvement,0,Low,None,Office Work,Office,Ergonomic,None,Minor Discomfort,Synthetic,No
1889,Employee reported minor back discomfort from office chair,0,Low,None,Office Work,Office,Ergonomic,None,Minor Discomfort,Synthetic,No
1890,Minor slip near canteen entrance due to spilled water,0,Low,None,Housekeeping,Canteen,Wet Floor,Warning Sign Missing,Minor Slip,Synthetic,No
1891,Truck reversed without spotter near active work zone,1,Critical,Safe Driving,Vehicle Operation,Site Road,Moving Vehicle,Seatbelt Not Worn,Vehicle Collision,Synthetic,No
1892,Minor dust accumulation observed on warehouse shelving,0,Low,None,Warehouse Operations,Warehouse,Stacked Material,Proper Stacking Missed,Minor Injury,Synthetic,No
1893,"Minor pothole noted in parking area, reported for repair",0,Low,None,Parking Area,Parking Lot,Minor Obstruction,None,No Injury,Synthetic,No
1894,"Minor food spillage near canteen counter, cleaned promptly",0,Low,None,Housekeeping,Canteen,Wet Floor,Warning Sign Missing,Minor Slip,Synthetic,No
1895,"Fire extinguisher tag found slightly faded, replaced promptly",0,Low,None,Inspection Round,Plant Area,Housekeeping,None,No Injury,Synthetic,No
1896,"Minor clutter observed near store room shelving, cleared promptly",0,Low,None,Store Room Activity,Store Room,Minor Clutter,None,No Injury,Synthetic,No
1897,Ventilation blower switched off while worker still inside vessel,1,Critical,Confined Space,Tank Entry,Tank Farm,Toxic Atmosphere,Gas Testing Skipped,Asphyxiation,Synthetic,No
1898,Employee entered vessel before oxygen levels were verified,1,Critical,Confined Space,Tank Entry,Tank Farm,Toxic Atmosphere,Gas Testing Skipped,Asphyxiation,Synthetic,No
1899,Minor scheduling delay reported during safety training session,0,Low,None,Training Session,Training Room,None,None,No Injury,Synthetic,No
1900,Diver lost communication with surface team during subsea operation,1,Critical,Line of Fire,Diving/Marine Operations,Offshore Site,Underwater Hazard,Communication Loss,Drowning,Synthetic,No
1901,Worker stood below suspended crane load during lifting operation,1,Critical,Line of Fire,Lifting Operations,Loading Area,Suspended Load,Exclusion Zone Breach,Fatal Crushing,Synthetic,No
1902,Overloaded sling used during material lifting operation,1,Critical,Line of Fire,Lifting Operations,Yard,Overhead Crane,Load Chart Exceeded,Structural Failure,Synthetic,No
1903,"Minor labeling error found on stored material, corrected",0,Low,None,Store Room Activity,Store Room,Minor Clutter,None,No Injury,Synthetic,No
1904,Loader operated near pedestrian walkway without horn warning,1,Critical,Line of Fire,Mobile Equipment,Yard,Reversing Vehicle,Spotter Absent,Struck-By Injury,Synthetic,No
1905,"Minor spill near break room refrigerator, cleaned promptly",0,Low,None,Break Room Activity,Break Room,Minor Hygiene Issue,None,No Injury,Synthetic,No
1906,Loose stationery observed on office desk,0,Low,None,Office Work,Office,Ergonomic,None,Minor Discomfort,Synthetic,No
1907,"Floor mat displaced near canteen door, minor trip risk",0,Low,None,Housekeeping,Canteen,Wet Floor,Warning Sign Missing,Minor Slip,Synthetic,No
1908,Roof access made without anchor point for fall arrest harness,1,Critical,Work at Height,Roof Work,Rooftop,Fragile Surface,No Fall Arrest System,Fall From Height,Synthetic,No
1909,"Pallet placed close to walkway, minor obstruction noted",0,Low,None,Warehouse Operations,Warehouse,Stacked Material,Proper Stacking Missed,Minor Injury,Synthetic,No
1910,Overloaded sling used during material lifting operation,1,Critical,Line of Fire,Lifting Operations,Yard,Overhead Crane,Load Chart Exceeded,Structural Failure,Synthetic,No
1911,Forklift reversed without a spotter in congested yard area,1,Critical,Line of Fire,Mobile Equipment,Yard,Reversing Vehicle,Spotter Absent,Struck-By Injury,Synthetic,No
1912,"Speed bump sign found faded in parking lot, replaced",0,Low,None,Parking Area,Parking Lot,Minor Obstruction,None,No Injury,Synthetic,No
1913,"Minor clutter observed near store room shelving, cleared promptly",0,Low,None,Store Room Activity,Store Room,Minor Clutter,None,No Injury,Synthetic,No
1914,Worker positioned under partially demolished structure during work,1,Critical,Line of Fire,Demolition Work,Construction Site,Structural Instability,Engineering Review Skipped,Structural Collapse,Synthetic,No
1915,Minor scheduling delay reported during safety training session,0,Low,None,Training Session,Training Room,None,None,No Injury,Synthetic,No
1916,"Minor labeling error found on stored material, corrected",0,Low,None,Store Room Activity,Store Room,Minor Clutter,None,No Injury,Synthetic,No
1917,Minor slip near canteen entrance due to spilled water,0,Low,None,Housekeeping,Canteen,Wet Floor,Warning Sign Missing,Minor Slip,Synthetic,No
1918,Minor eye strain reported after prolonged screen use,0,Low,None,Office Work,Office,Ergonomic,None,Minor Discomfort,Synthetic,No
1919,Vessel cleaning started without a standby attendant at entry point,1,Critical,Confined Space,Vessel Cleaning,Process Unit,Inert Atmosphere,Attendant Not Present,Asphyxiation,Synthetic,No
1920,"Expired item found in store inventory, removed during check",0,Low,None,Store Room Activity,Store Room,Minor Clutter,None,No Injury,Synthetic,No
1921,"Coffee machine leak observed in break room, reported for repair",0,Low,None,Break Room Activity,Break Room,Minor Hygiene Issue,None,No Injury,Synthetic,No
1922,Heavy debris dropped near active work zone without exclusion barrier,1,Critical,Line of Fire,Demolition Work,Construction Site,Structural Instability,Engineering Review Skipped,Structural Collapse,Synthetic,No
1923,Worker entered unshored trench deeper than 1.5 meters,1,Critical,Excavation,Excavation Work,Pipeline Trench,Trench Collapse,No Shoring Installed,Burial/Suffocation,Synthetic,No
1924,Substation cable tested without confirming de-energization,1,Critical,Energy Isolation,Electrical Maintenance,Substation,High Voltage Line,Isolation Point Skipped,Electrocution,Synthetic,No
1925,"Floor mat displaced near canteen door, minor trip risk",0,Low,None,Housekeeping,Canteen,Wet Floor,Warning Sign Missing,Minor Slip,Synthetic,No
1926,Worker entered nitrogen-purged vessel without gas test clearance,1,Critical,Confined Space,Vessel Cleaning,Process Unit,Inert Atmosphere,Attendant Not Present,Asphyxiation,Synthetic,No
1927,"Unlabeled bin found during safety walk, corrected on spot",0,Low,None,Inspection Round,Plant Area,Housekeeping,None,No Injury,Synthetic,No
1928,"Minor food spillage near canteen counter, cleaned promptly",0,Low,None,Housekeeping,Canteen,Wet Floor,Warning Sign Missing,Minor Slip,Synthetic,No
1929,"Minor clutter in break room seating area, tidied up",0,Low,None,Break Room Activity,Break Room,Minor Hygiene Issue,None,No Injury,Synthetic,No
1930,"Minor labeling error found on stored material, corrected",0,Low,None,Store Room Activity,Store Room,Minor Clutter,None,No Injury,Synthetic,No
1931,Worker entered nitrogen-purged vessel without gas test clearance,1,Critical,Confined Space,Vessel Cleaning,Process Unit,Inert Atmosphere,Attendant Not Present,Asphyxiation,Synthetic,No
1932,Personnel removed guardrail without fall protection in place,1,Critical,Work at Height,Working at Height,Scaffold Area,Fall Hazard,Harness Not Anchored,Fall From Height,Synthetic,No
1933,Skylight opening left uncovered near active roof work area,1,Critical,Work at Height,Roof Work,Rooftop,Fragile Surface,No Fall Arrest System,Fall From Height,Synthetic,No
1934,Employee requested footrest for ergonomic improvement,0,Low,None,Office Work,Office,Ergonomic,None,Minor Discomfort,Synthetic,No
1935,Technician worked on live panel without lockout tagout,1,Critical,Energy Isolation,Electrical Maintenance,Production Area,Electrical Energy,LOTO Not Applied,Electrocution,Synthetic,No
1936,Loose stationery observed on office desk,0,Low,None,Office Work,Office,Ergonomic,None,Minor Discomfort,Synthetic,No
1937,"Wet floor in canteen without warning sign, corrected quickly",0,Low,None,Housekeeping,Canteen,Wet Floor,Warning Sign Missing,Minor Slip,Synthetic,No
1938,"Minor clutter in break room seating area, tidied up",0,Low,None,Break Room Activity,Break Room,Minor Hygiene Issue,None,No Injury,Synthetic,No
1939,"Wet floor in canteen without warning sign, corrected quickly",0,Low,None,Housekeeping,Canteen,Wet Floor,Warning Sign Missing,Minor Slip,Synthetic,No
1940,Monitor height adjustment requested for workstation comfort,0,Low,None,Office Work,Office,Ergonomic,None,Minor Discomfort,Synthetic,No
1941,Barricade removed prematurely while overhead lift was still in progress,1,Critical,Line of Fire,Lifting Operations,Loading Area,Suspended Load,Exclusion Zone Breach,Fatal Crushing,Synthetic,No
1942,Vessel cleaning started without a standby attendant at entry point,1,Critical,Confined Space,Vessel Cleaning,Process Unit,Inert Atmosphere,Attendant Not Present,Asphyxiation,Synthetic,No
1943,Small bruise reported after minor bump against equipment,0,Low,None,General Maintenance,Workshop,Minor Cut Hazard,None,First Aid Case,Synthetic,No
1944,Jumper cable connected to line assumed dead without verification,1,Critical,Energy Isolation,Electrical Maintenance,Substation,High Voltage Line,Isolation Point Skipped,Electrocution,Synthetic,No
1945,"Minor pothole noted in parking area, reported for repair",0,Low,None,Parking Area,Parking Lot,Minor Obstruction,None,No Injury,Synthetic,No
1946,"Projector malfunction reported during toolbox talk, resolved quickly",0,Low,None,Training Session,Training Room,None,None,No Injury,Synthetic,No
1947,Minor housekeeping issue near office entrance,0,Low,None,Housekeeping,Office,Slip Hazard,None,Minor Injury,Synthetic,No
1948,Minor scheduling delay reported during safety training session,0,Low,None,Training Session,Training Room,None,None,No Injury,Synthetic,No
1949,Minor slip near canteen entrance due to spilled water,0,Low,None,Housekeeping,Canteen,Wet Floor,Warning Sign Missing,Minor Slip,Synthetic,No
1950,Worker stood below suspended crane load during lifting operation,1,Critical,Line of Fire,Lifting Operations,Loading Area,Suspended Load,Exclusion Zone Breach,Fatal Crushing,Synthetic,No
1951,"Attendance register missing signature, corrected same day",0,Low,None,Training Session,Training Room,None,None,No Injury,Synthetic,No
1952,Minor scheduling delay reported during safety training session,0,Low,None,Training Session,Training Room,None,None,No Injury,Synthetic,No
1953,Hot work permit expired but welding continued in process area,1,Critical,Hot Work,Hot Work,Process Unit,Flammable Atmosphere,Gas Test Not Done,Fire/Explosion,Synthetic,No
1954,Hot work carried out without fire watch present,1,Critical,Hot Work,Hot Work,Process Unit,Flammable Atmosphere,Gas Test Not Done,Fire/Explosion,Synthetic,No
1955,Small bruise reported after minor bump against equipment,0,Low,None,General Maintenance,Workshop,Minor Cut Hazard,None,First Aid Case,Synthetic,No
1956,Worker contacted overhead power line while operating boom lift nearby,1,Critical,Energy Isolation,Electrical Maintenance,Substation,High Voltage Line,Isolation Point Skipped,Electrocution,Synthetic,No
1957,Loose stationery observed on office desk,0,Low,None,Office Work,Office,Ergonomic,None,Minor Discomfort,Synthetic,No
1958,Worker contacted overhead power line while operating boom lift nearby,1,Critical,Energy Isolation,Electrical Maintenance,Substation,High Voltage Line,Isolation Point Skipped,Electrocution,Synthetic,No
1959,"Minor labeling error found on stored material, corrected",0,Low,None,Store Room Activity,Store Room,Minor Clutter,None,No Injury,Synthetic,No
1960,Loose stationery observed on office desk,0,Low,None,Housekeeping,Office,Slip Hazard,None,Minor Injury,Synthetic,No
1961,Worker walked on fragile roof sheet without crawling boards,1,Critical,Work at Height,Roof Work,Rooftop,Fragile Surface,No Fall Arrest System,Fall From Height,Synthetic,No
1962,Grinding operation performed without gas testing near process unit,1,Critical,Hot Work,Hot Work,Process Unit,Flammable Atmosphere,Gas Test Not Done,Fire/Explosion,Synthetic,No
1963,"Minor labeling error found on stored material, corrected",0,Low,None,Store Room Activity,Store Room,Minor Clutter,None,No Injury,Synthetic,No
1964,Trench walls collapsed while worker was inside unsupported excavation,1,Critical,Excavation,Excavation Work,Pipeline Trench,Trench Collapse,No Shoring Installed,Burial/Suffocation,Synthetic,No
1965,"Boxes stacked slightly above recommended height, corrected on observation",0,Low,None,Warehouse Operations,Warehouse,Stacked Material,Proper Stacking Missed,Minor Injury,Synthetic,No
1966,"Vehicle parked slightly outside marked bay, corrected on observation",0,Low,None,Parking Area,Parking Lot,Minor Obstruction,None,No Injury,Synthetic,No
1967,"Minor spill near break room refrigerator, cleaned promptly",0,Low,None,Break Room Activity,Break Room,Minor Hygiene Issue,None,No Injury,Synthetic,No
1968,Driver was using mobile phone while operating vehicle on site road,1,Critical,Safe Driving,Vehicle Operation,Site Road,Moving Vehicle,Seatbelt Not Worn,Vehicle Collision,Synthetic,No
1969,Monitor height adjustment requested for workstation comfort,0,Low,None,Office Work,Office,Ergonomic,None,Minor Discomfort,Synthetic,No
1970,"Projector malfunction reported during toolbox talk, resolved quickly",0,Low,None,Training Session,Training Room,None,None,No Injury,Synthetic,No
1971,Pressure test conducted without verifying line isolation,1,Critical,Energy Isolation,Pressure Testing,Process Unit,Pressurized System,Isolation Not Verified,Explosion/Rupture,Synthetic,No
1972,Employee reported minor splinter while handling wooden pallet,0,Low,None,General Maintenance,Workshop,Minor Cut Hazard,None,First Aid Case,Synthetic,No
1973,Worker contacted overhead power line while operating boom lift nearby,1,Critical,Energy Isolation,Electrical Maintenance,Substation,High Voltage Line,Isolation Point Skipped,Electrocution,Synthetic,No
1974,Worker pinched finger lightly while closing toolbox,0,Low,None,General Maintenance,Workshop,Minor Cut Hazard,None,First Aid Case,Synthetic,No
1975,Worker contacted overhead power line while operating boom lift nearby,1,Critical,Energy Isolation,Electrical Maintenance,Substation,High Voltage Line,Isolation Point Skipped,Electrocution,Synthetic,No
1976,"Worker sustained minor cut while handling tools, first aid given",0,Low,None,General Maintenance,Workshop,Minor Cut Hazard,None,First Aid Case,Synthetic,No
1977,Load lifted without verifying rigging certification,1,Critical,Line of Fire,Lifting Operations,Yard,Overhead Crane,Load Chart Exceeded,Structural Failure,Synthetic,No
1978,Worker fell overboard without personal flotation device worn,1,Critical,Line of Fire,Diving/Marine Operations,Offshore Site,Underwater Hazard,Communication Loss,Drowning,Synthetic,No
1979,Minor dust accumulation observed on warehouse shelving,0,Low,None,Warehouse Operations,Warehouse,Stacked Material,Proper Stacking Missed,Minor Injury,Synthetic,No
1980,Skylight opening left uncovered near active roof work area,1,Critical,Work at Height,Roof Work,Rooftop,Fragile Surface,No Fall Arrest System,Fall From Height,Synthetic,No
1981,Driver showed signs of fatigue during long haul transport run,1,Critical,Safe Driving,Vehicle Operation,Site Road,Moving Vehicle,Seatbelt Not Worn,Vehicle Collision,Synthetic,No
1982,"Label missing on storage bin, corrected during audit",0,Low,None,Warehouse Operations,Warehouse,Stacked Material,Proper Stacking Missed,Minor Injury,Synthetic,No
1983,Skylight opening left uncovered near active roof work area,1,Critical,Work at Height,Roof Work,Rooftop,Fragile Surface,No Fall Arrest System,Fall From Height,Synthetic,No
1984,Worker walked on unprotected edge at elevated platform,1,Critical,Work at Height,Working at Height,Scaffold Area,Fall Hazard,Harness Not Anchored,Fall From Height,Synthetic,No
1985,Loader operated near pedestrian walkway without horn warning,1,Critical,Line of Fire,Mobile Equipment,Yard,Reversing Vehicle,Spotter Absent,Struck-By Injury,Synthetic,No
1986,Driver showed signs of fatigue during long haul transport run,1,Critical,Safe Driving,Vehicle Operation,Site Road,Moving Vehicle,Seatbelt Not Worn,Vehicle Collision,Synthetic,No
1987,"Boxes stacked slightly above recommended height, corrected on observation",0,Low,None,Warehouse Operations,Warehouse,Stacked Material,Proper Stacking Missed,Minor Injury,Synthetic,No
1988,Worker handled corrosive chemical without proper PPE,1,Critical,Chemical Handling,Chemical Handling,Chemical Storage,Corrosive Substance,PPE Not Worn,Chemical Burn,Synthetic,No
1989,Electrical maintenance started without power isolation,1,Critical,Energy Isolation,Electrical Maintenance,Production Area,Electrical Energy,LOTO Not Applied,Electrocution,Synthetic,No
1990,"Wet floor in canteen without warning sign, corrected quickly",0,Low,None,Housekeeping,Canteen,Wet Floor,Warning Sign Missing,Minor Slip,Synthetic,No
1991,Worker positioned under partially demolished structure during work,1,Critical,Line of Fire,Demolition Work,Construction Site,Structural Instability,Engineering Review Skipped,Structural Collapse,Synthetic,No
1992,Heavy debris dropped near active work zone without exclusion barrier,1,Critical,Line of Fire,Demolition Work,Construction Site,Structural Instability,Engineering Review Skipped,Structural Collapse,Synthetic,No
1993,"Wet floor in canteen without warning sign, corrected quickly",0,Low,None,Housekeeping,Canteen,Wet Floor,Warning Sign Missing,Minor Slip,Synthetic,No
1994,"Minor clutter observed near store room shelving, cleared promptly",0,Low,None,Store Room Activity,Store Room,Minor Clutter,None,No Injury,Synthetic,No
1995,Worker positioned under partially demolished structure during work,1,Critical,Line of Fire,Demolition Work,Construction Site,Structural Instability,Engineering Review Skipped,Structural Collapse,Synthetic,No
1996,Signalman lost visual contact with crane operator during active lift,1,Critical,Line of Fire,Lifting Operations,Loading Area,Suspended Load,Exclusion Zone Breach,Fatal Crushing,Synthetic,No
1997,Crane operator lifted load exceeding rated capacity,1,Critical,Line of Fire,Lifting Operations,Yard,Overhead Crane,Load Chart Exceeded,Structural Failure,Synthetic,No
1998,Excavation work carried out without protective shoring system,1,Critical,Excavation,Excavation Work,Pipeline Trench,Trench Collapse,No Shoring Installed,Burial/Suffocation,Synthetic,No
1999,Truck reversed without spotter near active work zone,1,Critical,Safe Driving,Vehicle Operation,Site Road,Moving Vehicle,Seatbelt Not Worn,Vehicle Collision,Synthetic,No
2000,Cutting torch used near open flammable liquid without isolation,1,Critical,Hot Work,Hot Work,Process Unit,Flammable Atmosphere,Gas Test Not Done,Fire/Explosion,Synthetic,No
